participant_id,participant_order_group,run_start_iso,session_tag,condition_index,factor_condition_id,block_number,condition_block_index,blocks_per_condition,technique,technique_order_index,technique_block_condition_index,size_level,radius_px,spacing_level,min_sep_px,num_targets,canvas_w,canvas_h,trial_in_block,global_trial_number,goal_target_id,goal_x,goal_y,prev_goal_x,prev_goal_y,A_px,W_px,ID_bits,time_ms,wrong_target_clicks,miss_clicks,total_errors,path_length_px,throughput_bps,trial_start_timestamp_ms,trial_end_timestamp_ms,last_click_x,last_click_y,captured_target_id_correct_click
3,3,2026-03-08T03:58:32.461Z,20260307_215832,0,AREA_S_MED,1,1,3,AREA,0,0,S,10,MED,18,30,960,500,1,1,4,742.342,179.998,480,250,271.521,20,3.866,1048,0,0,0,370.064,3.688,1772942462370,1772942463418,740,179.625,4
3,3,2026-03-08T03:58:32.461Z,20260307_215832,0,AREA_S_MED,1,1,3,AREA,0,0,S,10,MED,18,30,960,500,2,2,11,21.132,181,742.342,179.998,721.211,20,5.212,1064,0,0,0,845.948,4.898,1772942463418,1772942464482,19,179.625,11
3,3,2026-03-08T03:58:32.461Z,20260307_215832,0,AREA_S_MED,1,1,3,AREA,0,0,S,10,MED,18,30,960,500,3,3,26,714.298,151.045,21.132,181,693.813,20,5.157,1111,0,0,0,997.61,4.642,1772942464482,1772942465593,712,115.625,26
3,3,2026-03-08T03:58:32.461Z,20260307_215832,0,AREA_S_MED,1,1,3,AREA,0,0,S,10,MED,18,30,960,500,4,4,15,268.561,192.068,714.298,151.045,447.621,20,4.547,678,0,0,0,518.993,6.707,1772942465593,1772942466271,251,161.625,15
3,3,2026-03-08T03:58:32.461Z,20260307_215832,0,AREA_S_MED,1,1,3,AREA,0,0,S,10,MED,18,30,960,500,5,5,2,717.609,435.203,268.561,192.068,510.646,20,4.73,2029,0,1,1,2015.104,2.331,1772942466271,1772942468300,731,472.625,2
3,3,2026-03-08T03:58:32.461Z,20260307_215832,0,AREA_S_MED,2,2,3,AREA,0,0,S,10,MED,18,30,960,500,1,6,23,635.7,168.239,480,250,175.861,20,3.292,1141,0,0,0,279.811,2.885,1772942470657,1772942471798,633,166.625,23
3,3,2026-03-08T03:58:32.461Z,20260307_215832,0,AREA_S_MED,2,2,3,AREA,0,0,S,10,MED,18,30,960,500,2,7,4,481.647,148.007,635.7,168.239,155.376,20,3.132,911,0,0,0,494.171,3.438,1772942471798,1772942472709,490,150.625,4
3,3,2026-03-08T03:58:32.461Z,20260307_215832,0,AREA_S_MED,2,2,3,AREA,0,0,S,10,MED,18,30,960,500,3,8,12,628.497,126.088,481.647,148.007,148.477,20,3.074,935,0,0,0,221.335,3.288,1772942472709,1772942473644,629,123.625,12
3,3,2026-03-08T03:58:32.461Z,20260307_215832,0,AREA_S_MED,2,2,3,AREA,0,0,S,10,MED,18,30,960,500,4,9,24,377.568,88.422,628.497,126.088,253.74,20,3.775,777,0,0,0,287.616,4.858,1772942473644,1772942474421,376,91.625,24
3,3,2026-03-08T03:58:32.461Z,20260307_215832,0,AREA_S_MED,2,2,3,AREA,0,0,S,10,MED,18,30,960,500,5,10,2,706.546,105.845,377.568,88.422,329.439,20,4.127,747,0,0,0,420.946,5.525,1772942474421,1772942475168,710,97.625,2
3,3,2026-03-08T03:58:32.461Z,20260307_215832,0,AREA_S_MED,3,3,3,AREA,0,0,S,10,MED,18,30,960,500,1,11,5,878.658,339.296,480,250,408.536,20,4.421,1002,0,0,0,826.482,4.413,1772942476436,1772942477438,885,342.625,5
3,3,2026-03-08T03:58:32.461Z,20260307_215832,0,AREA_S_MED,3,3,3,AREA,0,0,S,10,MED,18,30,960,500,2,12,27,884.675,280.142,878.658,339.296,59.459,20,1.99,925,0,0,0,809.537,2.152,1772942477438,1772942478363,879,277.625,27
3,3,2026-03-08T03:58:32.461Z,20260307_215832,0,AREA_S_MED,3,3,3,AREA,0,0,S,10,MED,18,30,960,500,3,13,16,213.98,369.184,884.675,280.142,676.579,20,5.122,840,0,0,0,906.307,6.098,1772942478363,1772942479203,217,369.625,16
3,3,2026-03-08T03:58:32.461Z,20260307_215832,0,AREA_S_MED,3,3,3,AREA,0,0,S,10,MED,18,30,960,500,4,14,3,670.467,359.688,213.98,369.184,456.586,20,4.575,878,0,0,0,824.374,5.21,1772942479203,1772942480081,664,359.625,3
3,3,2026-03-08T03:58:32.461Z,20260307_215832,0,AREA_S_MED,3,3,3,AREA,0,0,S,10,MED,18,30,960,500,5,15,12,928.333,395.919,670.467,359.688,260.398,20,3.809,949,0,0,0,787.378,4.014,1772942480081,1772942481030,927,398.625,12
3,3,2026-03-08T03:58:32.461Z,20260307_215832,1,AREA_L_MED,4,1,3,AREA,0,1,L,22,MED,18,30,960,500,1,16,27,904.946,323.354,480,250,431.231,44,3.433,976,0,0,0,612.936,3.517,1772942609275,1772942610251,920,317.625,27
3,3,2026-03-08T03:58:32.461Z,20260307_215832,1,AREA_L_MED,4,1,3,AREA,0,1,L,22,MED,18,30,960,500,2,17,13,494.488,56.119,904.946,323.354,489.786,44,3.601,775,0,0,0,642.28,4.646,1772942610251,1772942611026,492,55.625,13
3,3,2026-03-08T03:58:32.461Z,20260307_215832,1,AREA_L_MED,4,1,3,AREA,0,1,L,22,MED,18,30,960,500,3,18,2,579.288,344.257,494.488,56.119,300.358,44,2.968,629,0,0,0,349.248,4.719,1772942611026,1772942611655,579,346.625,2
3,3,2026-03-08T03:58:32.461Z,20260307_215832,1,AREA_L_MED,4,1,3,AREA,0,1,L,22,MED,18,30,960,500,4,19,3,599.336,134.582,579.288,344.257,210.631,44,2.533,591,0,0,0,533.707,4.286,1772942611655,1772942612246,598,134.625,3
3,3,2026-03-08T03:58:32.461Z,20260307_215832,1,AREA_L_MED,4,1,3,AREA,0,1,L,22,MED,18,30,960,500,5,20,1,862.035,461.017,599.336,134.582,419.011,44,3.395,634,0,0,0,880.478,5.356,1772942612246,1772942612880,866,469.625,1
3,3,2026-03-08T03:58:32.461Z,20260307_215832,1,AREA_L_MED,5,2,3,AREA,0,1,L,22,MED,18,30,960,500,1,21,24,265.256,142.013,480,250,240.367,44,2.692,767,0,0,0,405.75,3.51,1772942613401,1772942614168,269,137.625,24
3,3,2026-03-08T03:58:32.461Z,20260307_215832,1,AREA_L_MED,5,2,3,AREA,0,1,L,22,MED,18,30,960,500,2,22,16,716.897,103.846,265.256,142.013,453.251,44,3.498,751,0,0,0,623.236,4.658,1772942614168,1772942614919,713,111.625,16
3,3,2026-03-08T03:58:32.461Z,20260307_215832,1,AREA_L_MED,5,2,3,AREA,0,1,L,22,MED,18,30,960,500,3,23,5,503.364,280.427,716.897,103.846,277.086,44,2.867,567,0,0,0,343.709,5.057,1772942614919,1772942615486,496,278.625,5
3,3,2026-03-08T03:58:32.461Z,20260307_215832,1,AREA_L_MED,5,2,3,AREA,0,1,L,22,MED,18,30,960,500,4,24,6,185.508,283.838,503.364,280.427,317.875,44,3.04,633,0,0,0,371.073,4.802,1772942615486,1772942616119,166,281.625,6
3,3,2026-03-08T03:58:32.461Z,20260307_215832,1,AREA_L_MED,5,2,3,AREA,0,1,L,22,MED,18,30,960,500,5,25,10,773.685,193.033,185.508,283.838,595.145,44,3.861,566,0,0,0,631.843,6.821,1772942616119,1772942616685,776,191.625,10
3,3,2026-03-08T03:58:32.461Z,20260307_215832,1,AREA_L_MED,6,3,3,AREA,0,1,L,22,MED,18,30,960,500,1,26,24,726.642,218.667,480,250,248.624,44,2.733,643,0,0,0,465.288,4.251,1772942617061,1772942617704,710,230.625,24
3,3,2026-03-08T03:58:32.461Z,20260307_215832,1,AREA_L_MED,6,3,3,AREA,0,1,L,22,MED,18,30,960,500,2,27,6,221.233,234.53,726.642,218.667,505.658,44,3.643,552,0,0,0,526.355,6.6,1772942617704,1772942618256,198,225.625,6
3,3,2026-03-08T03:58:32.461Z,20260307_215832,1,AREA_L_MED,6,3,3,AREA,0,1,L,22,MED,18,30,960,500,3,28,26,360.127,316.44,221.233,234.53,161.247,44,2.222,478,0,0,0,254.868,4.648,1772942618256,1772942618734,370,314.625,26
3,3,2026-03-08T03:58:32.461Z,20260307_215832,1,AREA_L_MED,6,3,3,AREA,0,1,L,22,MED,18,30,960,500,4,29,15,744.636,138.272,360.127,316.44,423.782,44,3.41,654,0,0,0,469.566,5.214,1772942618734,1772942619388,755,140.625,15
3,3,2026-03-08T03:58:32.461Z,20260307_215832,1,AREA_L_MED,6,3,3,AREA,0,1,L,22,MED,18,30,960,500,5,30,2,816.703,293.353,744.636,138.272,171.007,44,2.289,616,0,0,0,412.314,3.716,1772942619388,1772942620004,817,303.625,2
3,3,2026-03-08T03:58:32.461Z,20260307_215832,2,AREA_M_MED,7,1,3,AREA,0,2,M,16,MED,18,30,960,500,1,31,26,893.385,453.961,480,250,460.963,32,3.945,980,0,0,0,641.473,4.026,1772942630109,1772942631089,898,454.625,26
3,3,2026-03-08T03:58:32.461Z,20260307_215832,2,AREA_M_MED,7,1,3,AREA,0,2,M,16,MED,18,30,960,500,2,32,24,511.211,454.604,893.385,453.961,382.174,32,3.694,684,0,0,0,656.691,5.401,1772942631089,1772942631773,534,447.625,24
3,3,2026-03-08T03:58:32.461Z,20260307_215832,2,AREA_M_MED,7,1,3,AREA,0,2,M,16,MED,18,30,960,500,3,33,10,142.203,29.031,511.211,454.604,563.276,32,4.217,770,0,0,0,624.19,5.477,1772942631773,1772942632543,152,30.625,10
3,3,2026-03-08T03:58:32.461Z,20260307_215832,2,AREA_M_MED,7,1,3,AREA,0,2,M,16,MED,18,30,960,500,4,34,23,860.188,407.95,142.203,29.031,811.839,32,4.721,755,0,0,0,911.405,6.253,1772942632543,1772942633298,864,400.625,23
3,3,2026-03-08T03:58:32.461Z,20260307_215832,2,AREA_M_MED,7,1,3,AREA,0,2,M,16,MED,18,30,960,500,5,35,26,893.385,453.961,860.188,407.95,56.737,32,1.471,802,0,0,0,823.66,1.835,1772942633298,1772942634100,906,458.625,26
3,3,2026-03-08T03:58:32.461Z,20260307_215832,2,AREA_M_MED,8,2,3,AREA,0,2,M,16,MED,18,30,960,500,1,36,8,496.2,276.75,480,250,31.273,32,0.984,550,0,0,0,304.036,1.788,1772942634601,1772942635151,486,279.625,8
3,3,2026-03-08T03:58:32.461Z,20260307_215832,2,AREA_M_MED,8,2,3,AREA,0,2,M,16,MED,18,30,960,500,2,37,3,28.716,136.3,496.2,276.75,488.126,32,4.023,848,0,0,0,737.202,4.744,1772942635151,1772942635999,30,143.625,3
3,3,2026-03-08T03:58:32.461Z,20260307_215832,2,AREA_M_MED,8,2,3,AREA,0,2,M,16,MED,18,30,960,500,3,38,23,844.257,265.953,28.716,136.3,825.782,32,4.744,724,0,0,0,847.085,6.553,1772942635999,1772942636723,847,273.625,23
3,3,2026-03-08T03:58:32.461Z,20260307_215832,2,AREA_M_MED,8,2,3,AREA,0,2,M,16,MED,18,30,960,500,4,39,28,531.696,133.075,844.257,265.953,339.633,32,3.538,587,0,0,0,619.096,6.027,1772942636723,1772942637310,536,136.625,28
3,3,2026-03-08T03:58:32.461Z,20260307_215832,2,AREA_M_MED,8,2,3,AREA,0,2,M,16,MED,18,30,960,500,5,40,13,28.401,78.495,531.696,133.075,506.246,32,4.072,723,0,0,0,626.366,5.632,1772942637310,1772942638033,46,67.625,13
3,3,2026-03-08T03:58:32.461Z,20260307_215832,2,AREA_M_MED,9,3,3,AREA,0,2,M,16,MED,18,30,960,500,1,41,2,604.431,362.749,480,250,167.914,32,2.643,662,0,0,0,307.103,3.993,1772942638501,1772942639163,613,371.625,2
3,3,2026-03-08T03:58:32.461Z,20260307_215832,2,AREA_M_MED,9,3,3,AREA,0,2,M,16,MED,18,30,960,500,2,42,9,106.169,109.495,604.431,362.749,558.93,32,4.207,645,0,0,0,610.486,6.522,1772942639163,1772942639808,113,110.625,9
3,3,2026-03-08T03:58:32.461Z,20260307_215832,2,AREA_M_MED,9,3,3,AREA,0,2,M,16,MED,18,30,960,500,3,43,16,310.646,364.115,106.169,109.495,326.561,32,3.486,636,0,0,0,605.912,5.481,1772942639808,1772942640444,323,364.625,16
3,3,2026-03-08T03:58:32.461Z,20260307_215832,2,AREA_M_MED,9,3,3,AREA,0,2,M,16,MED,18,30,960,500,4,44,26,38.563,292.456,310.646,364.115,281.361,32,3.292,671,0,0,0,634.741,4.906,1772942640444,1772942641115,52,288.625,26
3,3,2026-03-08T03:58:32.461Z,20260307_215832,2,AREA_M_MED,9,3,3,AREA,0,2,M,16,MED,18,30,960,500,5,45,1,870.507,447.469,38.563,292.456,846.262,32,4.779,684,0,0,0,940.077,6.986,1772942641115,1772942641799,877,449.625,1
3,3,2026-03-08T03:58:32.461Z,20260307_215832,3,AREA_L_TIGHT,10,1,3,AREA,0,3,L,22,TIGHT,8,30,960,500,1,46,27,774.378,387.084,480,250,324.732,44,3.067,775,0,0,0,426.096,3.957,1772942672752,1772942673527,760,391.625,27
3,3,2026-03-08T03:58:32.461Z,20260307_215832,3,AREA_L_TIGHT,10,1,3,AREA,0,3,L,22,TIGHT,8,30,960,500,2,47,7,469.069,60.374,774.378,387.084,447.162,44,3.481,609,0,0,0,748.364,5.715,1772942673527,1772942674136,460,69.625,7
3,3,2026-03-08T03:58:32.461Z,20260307_215832,3,AREA_L_TIGHT,10,1,3,AREA,0,3,L,22,TIGHT,8,30,960,500,3,48,10,348.606,177.24,469.069,60.374,167.836,44,2.267,546,0,0,0,296.528,4.153,1772942674136,1772942674682,342,178.625,10
3,3,2026-03-08T03:58:32.461Z,20260307_215832,3,AREA_L_TIGHT,10,1,3,AREA,0,3,L,22,TIGHT,8,30,960,500,4,49,5,136.247,460.989,348.606,177.24,354.415,44,3.179,700,0,0,0,425.541,4.541,1772942674682,1772942675382,143,461.625,5
3,3,2026-03-08T03:58:32.461Z,20260307_215832,3,AREA_L_TIGHT,10,1,3,AREA,0,3,L,22,TIGHT,8,30,960,500,5,50,27,774.378,387.084,136.247,460.989,642.397,44,3.963,631,0,0,0,935.819,6.281,1772942675382,1772942676013,767,392.625,27
3,3,2026-03-08T03:58:32.461Z,20260307_215832,3,AREA_L_TIGHT,11,2,3,AREA,0,3,L,22,TIGHT,8,30,960,500,1,51,22,122.825,252.378,480,250,357.183,44,3.189,636,0,0,0,405.681,5.014,1772942676500,1772942677136,140,254.625,22
3,3,2026-03-08T03:58:32.461Z,20260307_215832,3,AREA_L_TIGHT,11,2,3,AREA,0,3,L,22,TIGHT,8,30,960,500,2,52,4,223.914,98.226,122.825,252.378,184.341,44,2.376,1018,0,1,1,456.819,2.334,1772942677136,1772942678154,220,108.625,4
3,3,2026-03-08T03:58:32.461Z,20260307_215832,3,AREA_L_TIGHT,11,2,3,AREA,0,3,L,22,TIGHT,8,30,960,500,3,53,1,897.703,197.993,223.914,98.226,681.135,44,4.043,731,0,0,0,976.892,5.53,1772942678154,1772942678885,890,186.625,1
3,3,2026-03-08T03:58:32.461Z,20260307_215832,3,AREA_L_TIGHT,11,2,3,AREA,0,3,L,22,TIGHT,8,30,960,500,4,54,3,137.383,94.097,897.703,197.993,767.385,44,4.205,719,0,0,0,936.91,5.848,1772942678885,1772942679604,138,91.625,3
3,3,2026-03-08T03:58:32.461Z,20260307_215832,3,AREA_L_TIGHT,11,2,3,AREA,0,3,L,22,TIGHT,8,30,960,500,5,55,5,885.602,441.728,137.383,94.097,825.033,44,4.304,775,0,0,0,846.998,5.553,1772942679604,1772942680379,878,435.625,5
3,3,2026-03-08T03:58:32.461Z,20260307_215832,3,AREA_L_TIGHT,12,3,3,AREA,0,3,L,22,TIGHT,8,30,960,500,1,56,18,553.752,333.052,480,250,111.072,44,1.817,632,0,0,0,378.568,2.876,1772942680760,1772942681392,561,344.625,18
3,3,2026-03-08T03:58:32.461Z,20260307_215832,3,AREA_L_TIGHT,12,3,3,AREA,0,3,L,22,TIGHT,8,30,960,500,2,57,13,442.458,55.211,553.752,333.052,299.302,44,2.964,625,0,0,0,622.533,4.742,1772942681392,1772942682017,451,64.625,13
3,3,2026-03-08T03:58:32.461Z,20260307_215832,3,AREA_L_TIGHT,12,3,3,AREA,0,3,L,22,TIGHT,8,30,960,500,3,58,28,769.689,417.946,442.458,55.211,488.525,44,3.597,616,0,0,0,605.651,5.84,1772942682017,1772942682633,773,421.625,28
3,3,2026-03-08T03:58:32.461Z,20260307_215832,3,AREA_L_TIGHT,12,3,3,AREA,0,3,L,22,TIGHT,8,30,960,500,4,59,23,165.702,262.866,769.689,417.946,623.578,44,3.923,592,0,0,0,807.852,6.627,1772942682633,1772942683225,173,263.625,23
3,3,2026-03-08T03:58:32.461Z,20260307_215832,3,AREA_L_TIGHT,12,3,3,AREA,0,3,L,22,TIGHT,8,30,960,500,5,60,29,465.181,454.922,165.702,262.866,355.772,44,3.184,639,0,0,0,691.756,4.982,1772942683225,1772942683864,470,440.625,29
3,3,2026-03-08T03:58:32.461Z,20260307_215832,4,AREA_M_LOOSE,13,1,3,AREA,0,4,M,16,LOOSE,28,30,960,500,1,61,15,749.954,384.705,480,250,301.697,32,3.382,751,0,0,0,601.786,4.504,1772942690649,1772942691400,776,399.625,15
3,3,2026-03-08T03:58:32.461Z,20260307_215832,4,AREA_M_LOOSE,13,1,3,AREA,0,4,M,16,LOOSE,28,30,960,500,2,62,4,340.884,293.998,749.954,384.705,419.007,32,3.817,860,0,0,0,593.152,4.438,1772942691400,1772942692260,352,286.625,4
3,3,2026-03-08T03:58:32.461Z,20260307_215832,4,AREA_M_LOOSE,13,1,3,AREA,0,4,M,16,LOOSE,28,30,960,500,3,63,1,791.641,280.136,340.884,293.998,450.97,32,3.916,783,0,0,0,492.416,5.001,1772942692260,1772942693043,792,283.625,1
3,3,2026-03-08T03:58:32.461Z,20260307_215832,4,AREA_M_LOOSE,13,1,3,AREA,0,4,M,16,LOOSE,28,30,960,500,4,64,18,788.914,112.815,791.641,280.136,167.343,32,2.639,640,0,0,0,784.737,4.124,1772942693043,1772942693683,781,109.625,18
3,3,2026-03-08T03:58:32.461Z,20260307_215832,4,AREA_M_LOOSE,13,1,3,AREA,0,4,M,16,LOOSE,28,30,960,500,5,65,11,909.868,126.772,788.914,112.815,121.757,32,2.265,617,0,0,0,1038.234,3.67,1772942693683,1772942694300,911,135.625,11
3,3,2026-03-08T03:58:32.461Z,20260307_215832,4,AREA_M_LOOSE,14,2,3,AREA,0,4,M,16,LOOSE,28,30,960,500,1,66,25,736.138,78.764,480,250,308.105,32,3.41,661,0,0,0,695.391,5.159,1772942694708,1772942695369,732,88.625,25
3,3,2026-03-08T03:58:32.461Z,20260307_215832,4,AREA_M_LOOSE,14,2,3,AREA,0,4,M,16,LOOSE,28,30,960,500,2,67,22,654.8,436.507,736.138,78.764,366.873,32,3.64,1330,0,1,1,1322.396,2.737,1772942695369,1772942696699,657,427.625,22
3,3,2026-03-08T03:58:32.461Z,20260307_215832,4,AREA_M_LOOSE,14,2,3,AREA,0,4,M,16,LOOSE,28,30,960,500,3,68,15,487.416,245.54,654.8,436.507,253.941,32,3.16,731,0,0,0,757.09,4.322,1772942696699,1772942697430,487,243.625,15
3,3,2026-03-08T03:58:32.461Z,20260307_215832,4,AREA_M_LOOSE,14,2,3,AREA,0,4,M,16,LOOSE,28,30,960,500,4,69,12,138.435,384.418,487.416,245.54,375.599,32,3.671,690,0,0,0,693.041,5.32,1772942697430,1772942698120,144,390.625,12
3,3,2026-03-08T03:58:32.461Z,20260307_215832,4,AREA_M_LOOSE,14,2,3,AREA,0,4,M,16,LOOSE,28,30,960,500,5,70,10,585.318,458.67,138.435,384.418,453.009,32,3.922,661,0,0,0,532.957,5.933,1772942698120,1772942698781,585,458.625,10
3,3,2026-03-08T03:58:32.461Z,20260307_215832,4,AREA_M_LOOSE,15,3,3,AREA,0,4,M,16,LOOSE,28,30,960,500,1,71,18,723.642,174.034,480,250,255.21,32,3.166,588,0,0,0,474.112,5.384,1772942699188,1772942699776,725,178.625,18
3,3,2026-03-08T03:58:32.461Z,20260307_215832,4,AREA_M_LOOSE,15,3,3,AREA,0,4,M,16,LOOSE,28,30,960,500,2,72,16,290.839,46.164,723.642,174.034,451.297,32,3.917,825,0,0,0,573.436,4.748,1772942699776,1772942700601,294,54.625,16
3,3,2026-03-08T03:58:32.461Z,20260307_215832,4,AREA_M_LOOSE,15,3,3,AREA,0,4,M,16,LOOSE,28,30,960,500,3,73,23,380.985,230.805,290.839,46.164,205.471,32,2.892,665,0,0,0,642.541,4.348,1772942700601,1772942701266,378,232.625,23
3,3,2026-03-08T03:58:32.461Z,20260307_215832,4,AREA_M_LOOSE,15,3,3,AREA,0,4,M,16,LOOSE,28,30,960,500,4,74,7,905.676,442.367,380.985,230.805,565.738,32,4.223,661,0,0,0,590.683,6.389,1772942701266,1772942701927,897,436.625,7
3,3,2026-03-08T03:58:32.461Z,20260307_215832,4,AREA_M_LOOSE,15,3,3,AREA,0,4,M,16,LOOSE,28,30,960,500,5,75,23,380.985,230.805,905.676,442.367,565.738,32,4.223,694,0,0,0,587.121,6.086,1772942701927,1772942702621,379,235.625,23
3,3,2026-03-08T03:58:32.461Z,20260307_215832,5,AREA_M_TIGHT,16,1,3,AREA,0,5,M,16,TIGHT,8,30,960,500,1,76,8,844.662,321.69,480,250,371.643,32,3.657,680,0,0,0,550.705,5.378,1772942765584,1772942766264,840,329.625,8
3,3,2026-03-08T03:58:32.461Z,20260307_215832,5,AREA_M_TIGHT,16,1,3,AREA,0,5,M,16,TIGHT,8,30,960,500,2,77,5,662.6,47.353,844.662,321.69,329.253,32,3.497,1009,0,1,1,810.454,3.466,1772942766264,1772942767273,657,48.625,5
3,3,2026-03-08T03:58:32.461Z,20260307_215832,5,AREA_M_TIGHT,16,1,3,AREA,0,5,M,16,TIGHT,8,30,960,500,3,78,16,586.338,166.977,662.6,47.353,141.866,32,2.442,1267,0,2,2,616.01,1.927,1772942767273,1772942768540,589,168.625,16
3,3,2026-03-08T03:58:32.461Z,20260307_215832,5,AREA_M_TIGHT,16,1,3,AREA,0,5,M,16,TIGHT,8,30,960,500,4,79,17,766.068,189.975,586.338,166.977,181.196,32,2.736,601,0,0,0,291.038,4.552,1772942768540,1772942769141,765,190.625,17
3,3,2026-03-08T03:58:32.461Z,20260307_215832,5,AREA_M_TIGHT,16,1,3,AREA,0,5,M,16,TIGHT,8,30,960,500,5,80,4,518.357,447.564,766.068,189.975,357.369,32,3.605,699,0,0,0,392.883,5.157,1772942769141,1772942769840,514,446.625,4
3,3,2026-03-08T03:58:32.461Z,20260307_215832,5,AREA_M_TIGHT,17,2,3,AREA,0,5,M,16,TIGHT,8,30,960,500,1,81,7,86.974,37.354,480,250,446.865,32,3.903,888,0,0,0,633.797,4.396,1772942770210,1772942771098,95,44.625,7
3,3,2026-03-08T03:58:32.461Z,20260307_215832,5,AREA_M_TIGHT,17,2,3,AREA,0,5,M,16,TIGHT,8,30,960,500,2,82,10,874.937,314.044,86.974,37.354,835.131,32,4.76,716,0,0,0,907.95,6.648,1772942771098,1772942771814,881,312.625,10
3,3,2026-03-08T03:58:32.461Z,20260307_215832,5,AREA_M_TIGHT,17,2,3,AREA,0,5,M,16,TIGHT,8,30,960,500,3,83,6,164.982,431.793,874.937,314.044,719.653,32,4.554,736,0,0,0,884.22,6.187,1772942771814,1772942772550,160,426.625,6
3,3,2026-03-08T03:58:32.461Z,20260307_215832,5,AREA_M_TIGHT,17,2,3,AREA,0,5,M,16,TIGHT,8,30,960,500,4,84,28,283.963,276.188,164.982,431.793,195.88,32,2.832,618,0,0,0,549.438,4.583,1772942772550,1772942773168,292,276.625,28
3,3,2026-03-08T03:58:32.461Z,20260307_215832,5,AREA_M_TIGHT,17,2,3,AREA,0,5,M,16,TIGHT,8,30,960,500,5,85,2,891.08,385.874,283.963,276.188,616.945,32,4.342,844,0,0,0,823.853,5.144,1772942773168,1772942774012,878,388.625,2
3,3,2026-03-08T03:58:32.461Z,20260307_215832,5,AREA_M_TIGHT,18,3,3,AREA,0,5,M,16,TIGHT,8,30,960,500,1,86,12,338.38,388.378,480,250,198.002,32,2.846,688,0,0,0,295.613,4.136,1772942774397,1772942775085,328,392.625,12
3,3,2026-03-08T03:58:32.461Z,20260307_215832,5,AREA_M_TIGHT,18,3,3,AREA,0,5,M,16,TIGHT,8,30,960,500,2,87,10,600.248,305.547,338.38,388.378,274.655,32,3.26,778,0,0,0,685.198,4.191,1772942775085,1772942775863,596,302.625,10
3,3,2026-03-08T03:58:32.461Z,20260307_215832,5,AREA_M_TIGHT,18,3,3,AREA,0,5,M,16,TIGHT,8,30,960,500,3,88,0,251.607,160.453,600.248,305.547,377.628,32,3.678,579,0,0,0,543.57,6.353,1772942775863,1772942776442,258,163.625,0
3,3,2026-03-08T03:58:32.461Z,20260307_215832,5,AREA_M_TIGHT,18,3,3,AREA,0,5,M,16,TIGHT,8,30,960,500,4,89,15,530.524,222.964,251.607,160.453,285.837,32,3.312,615,0,0,0,334.421,5.386,1772942776442,1772942777057,528,218.625,15
3,3,2026-03-08T03:58:32.461Z,20260307_215832,5,AREA_M_TIGHT,18,3,3,AREA,0,5,M,16,TIGHT,8,30,960,500,5,90,28,791.331,83.914,530.524,222.964,295.559,32,3.356,1182,0,1,1,612.562,2.839,1772942777057,1772942778239,783,96.625,28
3,3,2026-03-08T03:58:32.461Z,20260307_215832,6,AREA_S_LOOSE,19,1,3,AREA,0,6,S,10,LOOSE,28,30,960,500,1,91,0,275.728,295.116,480,250,209.195,20,3.519,833,0,0,0,549.479,4.224,1772942778721,1772942779554,271,300.625,0
3,3,2026-03-08T03:58:32.461Z,20260307_215832,6,AREA_S_LOOSE,19,1,3,AREA,0,6,S,10,LOOSE,28,30,960,500,2,92,16,20.576,454.442,275.728,295.116,300.811,20,4.004,778,0,0,0,616.999,5.146,1772942779554,1772942780332,37,450.625,16
3,3,2026-03-08T03:58:32.461Z,20260307_215832,6,AREA_S_LOOSE,19,1,3,AREA,0,6,S,10,LOOSE,28,30,960,500,3,93,23,336.493,395.887,20.576,454.442,321.298,20,4.093,798,1,0,1,348.468,5.129,1772942780332,1772942781130,332,398.625,23
3,3,2026-03-08T03:58:32.461Z,20260307_215832,6,AREA_S_LOOSE,19,1,3,AREA,0,6,S,10,LOOSE,28,30,960,500,4,94,18,343.264,299.963,336.493,395.887,96.163,20,2.538,628,0,0,0,365.454,4.042,1772942781130,1772942781758,342,306.625,18
3,3,2026-03-08T03:58:32.461Z,20260307_215832,6,AREA_S_LOOSE,19,1,3,AREA,0,6,S,10,LOOSE,28,30,960,500,5,95,6,499.966,369.273,343.264,299.963,171.346,20,3.258,621,0,0,0,272.064,5.247,1772942781758,1772942782379,514,368.625,6
3,3,2026-03-08T03:58:32.461Z,20260307_215832,6,AREA_S_LOOSE,20,2,3,AREA,0,6,S,10,LOOSE,28,30,960,500,1,96,23,95.017,297.526,480,250,387.905,20,4.35,737,0,0,0,811.215,5.903,1772942783023,1772942783760,98,304.625,23
3,3,2026-03-08T03:58:32.461Z,20260307_215832,6,AREA_S_LOOSE,20,2,3,AREA,0,6,S,10,LOOSE,28,30,960,500,2,97,10,219.525,430.091,95.017,297.526,181.867,20,3.335,702,0,0,0,287.799,4.751,1772942783760,1772942784462,214,430.625,10
3,3,2026-03-08T03:58:32.461Z,20260307_215832,6,AREA_S_LOOSE,20,2,3,AREA,0,6,S,10,LOOSE,28,30,960,500,3,98,29,541.204,231.083,219.525,430.091,378.261,20,4.316,831,0,0,0,467.676,5.193,1772942784462,1772942785293,546,226.625,29
3,3,2026-03-08T03:58:32.461Z,20260307_215832,6,AREA_S_LOOSE,20,2,3,AREA,0,6,S,10,LOOSE,28,30,960,500,4,99,14,470.324,234.065,541.204,231.083,70.943,20,2.185,703,0,0,0,436.655,3.108,1772942785293,1772942785996,468,241.625,14
3,3,2026-03-08T03:58:32.461Z,20260307_215832,6,AREA_S_LOOSE,20,2,3,AREA,0,6,S,10,LOOSE,28,30,960,500,5,100,29,541.204,231.083,470.324,234.065,70.943,20,2.185,660,0,0,0,486.306,3.311,1772942785996,1772942786656,541,230.625,29
3,3,2026-03-08T03:58:32.461Z,20260307_215832,6,AREA_S_LOOSE,21,3,3,AREA,0,6,S,10,LOOSE,28,30,960,500,1,101,7,171.097,71.948,480,250,356.544,20,4.235,1635,0,1,1,2008.061,2.59,1772942787250,1772942788885,188,74.625,7
3,3,2026-03-08T03:58:32.461Z,20260307_215832,6,AREA_S_LOOSE,21,3,3,AREA,0,6,S,10,LOOSE,28,30,960,500,2,102,11,503.919,276.66,171.097,71.948,390.739,20,4.36,735,0,0,0,498.965,5.932,1772942788885,1772942789620,505,271.625,11
3,3,2026-03-08T03:58:32.461Z,20260307_215832,6,AREA_S_LOOSE,21,3,3,AREA,0,6,S,10,LOOSE,28,30,960,500,3,103,14,896.958,317.945,503.919,276.66,395.201,20,4.376,704,0,0,0,477.436,6.216,1772942789620,1772942790324,899,316.625,14
3,3,2026-03-08T03:58:32.461Z,20260307_215832,6,AREA_S_LOOSE,21,3,3,AREA,0,6,S,10,LOOSE,28,30,960,500,4,104,2,578.931,75.654,896.958,317.945,399.808,20,4.392,1161,0,1,1,704.029,3.783,1772942790324,1772942791485,574,73.625,2
3,3,2026-03-08T03:58:32.461Z,20260307_215832,6,AREA_S_LOOSE,21,3,3,AREA,0,6,S,10,LOOSE,28,30,960,500,5,105,28,814.785,122.464,578.931,75.654,240.455,20,3.703,763,0,0,0,768.268,4.853,1772942791485,1772942792248,832,113.625,28
3,3,2026-03-08T03:58:32.461Z,20260307_215832,7,AREA_L_LOOSE,22,1,3,AREA,0,7,L,22,LOOSE,28,30,960,500,1,106,24,574.145,463.659,480,250,233.481,44,2.657,738,0,0,0,392.959,3.6,1772942792722,1772942793460,581,466.625,24
3,3,2026-03-08T03:58:32.461Z,20260307_215832,7,AREA_L_LOOSE,22,1,3,AREA,0,7,L,22,LOOSE,28,30,960,500,2,107,9,790.941,325.573,574.145,463.659,257.038,44,2.774,769,0,0,0,660.438,3.608,1772942793460,1772942794229,789,321.625,9
3,3,2026-03-08T03:58:32.461Z,20260307_215832,7,AREA_L_LOOSE,22,1,3,AREA,0,7,L,22,LOOSE,28,30,960,500,3,108,13,673.154,86.276,790.941,325.573,266.714,44,2.82,571,0,0,0,593.2,4.939,1772942794229,1772942794800,666,91.625,13
3,3,2026-03-08T03:58:32.461Z,20260307_215832,7,AREA_L_LOOSE,22,1,3,AREA,0,7,L,22,LOOSE,28,30,960,500,4,109,22,37.808,384.659,673.154,86.276,701.924,44,4.083,663,0,0,0,697.9,6.159,1772942794800,1772942795463,61,385.625,22
3,3,2026-03-08T03:58:32.461Z,20260307_215832,7,AREA_L_LOOSE,22,1,3,AREA,0,7,L,22,LOOSE,28,30,960,500,5,110,19,501.905,72.001,37.808,384.659,559.59,44,3.778,636,0,0,0,609.834,5.94,1772942795463,1772942796099,518,69.625,19
3,3,2026-03-08T03:58:32.461Z,20260307_215832,7,AREA_L_LOOSE,23,2,3,AREA,0,7,L,22,LOOSE,28,30,960,500,1,111,5,205.882,252.811,480,250,274.133,44,2.854,654,0,0,0,541.332,4.364,1772942796912,1772942797566,182,255.625,5
3,3,2026-03-08T03:58:32.461Z,20260307_215832,7,AREA_L_LOOSE,23,2,3,AREA,0,7,L,22,LOOSE,28,30,960,500,2,112,8,48.448,104.826,205.882,252.811,216.068,44,2.563,590,0,0,0,574.582,4.345,1772942797566,1772942798156,49,88.625,8
3,3,2026-03-08T03:58:32.461Z,20260307_215832,7,AREA_L_LOOSE,23,2,3,AREA,0,7,L,22,LOOSE,28,30,960,500,3,113,27,42.281,279.378,48.448,104.826,174.661,44,2.313,877,0,0,0,945.962,2.638,1772942798156,1772942799033,20,282.625,27
3,3,2026-03-08T03:58:32.461Z,20260307_215832,7,AREA_L_LOOSE,23,2,3,AREA,0,7,L,22,LOOSE,28,30,960,500,4,114,22,746.96,305.047,42.281,279.378,705.147,44,4.09,655,0,0,0,920.284,6.244,1772942799033,1772942799688,737,318.625,22
3,3,2026-03-08T03:58:32.461Z,20260307_215832,7,AREA_L_LOOSE,23,2,3,AREA,0,7,L,22,LOOSE,28,30,960,500,5,115,27,42.281,279.378,746.96,305.047,705.147,44,4.09,748,0,0,0,879.028,5.467,1772942799688,1772942800436,35,276.625,27
3,3,2026-03-08T03:58:32.461Z,20260307_215832,7,AREA_L_LOOSE,24,3,3,AREA,0,7,L,22,LOOSE,28,30,960,500,1,116,18,219.252,370.447,480,250,287.223,44,2.912,638,0,0,0,610.277,4.565,1772942800871,1772942801509,240,368.625,18
3,3,2026-03-08T03:58:32.461Z,20260307_215832,7,AREA_L_LOOSE,24,3,3,AREA,0,7,L,22,LOOSE,28,30,960,500,2,117,15,745.829,328.382,219.252,370.447,528.254,44,3.701,551,0,0,0,546.874,6.717,1772942801509,1772942802060,761,321.625,15
3,3,2026-03-08T03:58:32.461Z,20260307_215832,7,AREA_L_LOOSE,24,3,3,AREA,0,7,L,22,LOOSE,28,30,960,500,3,118,20,392.583,388.747,745.829,328.382,358.366,44,3.193,613,0,0,0,540.88,5.209,1772942802060,1772942802673,420,388.625,20
3,3,2026-03-08T03:58:32.461Z,20260307_215832,7,AREA_L_LOOSE,24,3,3,AREA,0,7,L,22,LOOSE,28,30,960,500,4,119,29,122.418,404.535,392.583,388.747,270.626,44,2.838,555,0,0,0,375.518,5.114,1772942802673,1772942803228,116,410.625,29
3,3,2026-03-08T03:58:32.461Z,20260307_215832,7,AREA_L_LOOSE,24,3,3,AREA,0,7,L,22,LOOSE,28,30,960,500,5,120,6,891.332,351.693,122.418,404.535,770.727,44,4.211,744,0,0,0,807.523,5.66,1772942803228,1772942803972,900,350.625,6
3,3,2026-03-08T03:58:32.461Z,20260307_215832,8,AREA_S_TIGHT,25,1,3,AREA,0,8,S,10,TIGHT,8,30,960,500,1,121,5,469.145,262.58,480,250,16.616,20,0.872,1255,0,1,1,353.145,0.695,1772942879879,1772942881134,464,263.625,5
3,3,2026-03-08T03:58:32.461Z,20260307_215832,8,AREA_S_TIGHT,25,1,3,AREA,0,8,S,10,TIGHT,8,30,960,500,2,122,14,486.729,123.166,469.145,262.58,140.519,20,3.005,799,0,0,0,295.884,3.761,1772942881134,1772942881933,486,118.625,14
3,3,2026-03-08T03:58:32.461Z,20260307_215832,8,AREA_S_TIGHT,25,1,3,AREA,0,8,S,10,TIGHT,8,30,960,500,3,123,17,327.008,53.962,486.729,123.166,174.069,20,3.278,824,0,0,0,342.581,3.979,1772942881933,1772942882757,326,50.625,17
3,3,2026-03-08T03:58:32.461Z,20260307_215832,8,AREA_S_TIGHT,25,1,3,AREA,0,8,S,10,TIGHT,8,30,960,500,4,124,4,737.508,156.922,327.008,53.962,423.215,20,4.47,870,0,0,0,569.221,5.138,1772942882757,1772942883627,741,154.625,4
3,3,2026-03-08T03:58:32.461Z,20260307_215832,8,AREA_S_TIGHT,25,1,3,AREA,0,8,S,10,TIGHT,8,30,960,500,5,125,25,697.41,476.068,737.508,156.922,321.656,20,4.094,765,0,0,0,531.456,5.352,1772942883627,1772942884392,690,469.625,25
3,3,2026-03-08T03:58:32.461Z,20260307_215832,8,AREA_S_TIGHT,26,2,3,AREA,0,8,S,10,TIGHT,8,30,960,500,1,126,6,326.317,217.126,480,250,157.159,20,3.147,621,0,0,0,234.024,5.068,1772942884756,1772942885377,330,210.625,6
3,3,2026-03-08T03:58:32.461Z,20260307_215832,8,AREA_S_TIGHT,26,2,3,AREA,0,8,S,10,TIGHT,8,30,960,500,2,127,0,354.815,247.963,326.317,217.126,41.988,20,1.632,708,0,0,0,297.885,2.305,1772942885377,1772942886085,352,247.625,0
3,3,2026-03-08T03:58:32.461Z,20260307_215832,8,AREA_S_TIGHT,26,2,3,AREA,0,8,S,10,TIGHT,8,30,960,500,3,128,15,84.393,156.374,354.815,247.963,285.51,20,3.933,665,0,0,0,642.05,5.915,1772942886085,1772942886750,87,152.625,15
3,3,2026-03-08T03:58:32.461Z,20260307_215832,8,AREA_S_TIGHT,26,2,3,AREA,0,8,S,10,TIGHT,8,30,960,500,4,129,16,248.858,319.608,84.393,156.374,231.719,20,3.654,565,0,0,0,504.803,6.467,1772942886750,1772942887315,249,320.625,16
3,3,2026-03-08T03:58:32.461Z,20260307_215832,8,AREA_S_TIGHT,26,2,3,AREA,0,8,S,10,TIGHT,8,30,960,500,5,130,27,921.442,413.404,248.858,319.608,679.093,20,5.127,922,0,0,0,794.922,5.561,1772942887315,1772942888237,918,411.625,27
3,3,2026-03-08T03:58:32.461Z,20260307_215832,8,AREA_S_TIGHT,27,3,3,AREA,0,8,S,10,TIGHT,8,30,960,500,1,131,26,570.635,153.709,480,250,132.237,20,2.928,722,0,0,0,634.521,4.056,1772942888614,1772942889336,571,146.625,26
3,3,2026-03-08T03:58:32.461Z,20260307_215832,8,AREA_S_TIGHT,27,3,3,AREA,0,8,S,10,TIGHT,8,30,960,500,2,132,22,98.368,257.475,570.635,153.709,483.532,20,4.654,972,0,0,0,584.284,4.788,1772942889336,1772942890308,99,258.625,22
3,3,2026-03-08T03:58:32.461Z,20260307_215832,8,AREA_S_TIGHT,27,3,3,AREA,0,8,S,10,TIGHT,8,30,960,500,3,133,27,728.502,444.53,98.368,257.475,657.312,20,5.082,771,0,0,0,746.911,6.591,1772942890308,1772942891079,736,441.625,27
3,3,2026-03-08T03:58:32.461Z,20260307_215832,8,AREA_S_TIGHT,27,3,3,AREA,0,8,S,10,TIGHT,8,30,960,500,4,134,13,647.078,207.476,728.502,444.53,250.647,20,3.758,1202,0,1,1,634.479,3.127,1772942891079,1772942892281,644,210.625,13
3,3,2026-03-08T03:58:32.461Z,20260307_215832,8,AREA_S_TIGHT,27,3,3,AREA,0,8,S,10,TIGHT,8,30,960,500,5,135,18,647.243,317.887,647.078,207.476,110.411,20,2.705,719,0,0,0,478.999,3.762,1772942892281,1772942893000,643,318.625,18
3,3,2026-03-08T03:58:32.461Z,20260307_215832,9,BUBBLE_S_TIGHT,28,1,3,BUBBLE,1,0,S,10,TIGHT,8,30,960,500,1,136,4,367.507,283.719,480,250,117.438,20,2.781,805,0,0,0,499.777,3.454,1772942893380,1772942894185,375,288.625,4
3,3,2026-03-08T03:58:32.461Z,20260307_215832,9,BUBBLE_S_TIGHT,28,1,3,BUBBLE,1,0,S,10,TIGHT,8,30,960,500,2,137,29,795.607,319.709,367.507,283.719,429.61,20,4.491,975,0,0,0,539.922,4.606,1772942894185,1772942895160,811,322.625,29
3,3,2026-03-08T03:58:32.461Z,20260307_215832,9,BUBBLE_S_TIGHT,28,1,3,BUBBLE,1,0,S,10,TIGHT,8,30,960,500,3,138,24,589.547,358.655,795.607,319.709,209.708,20,3.522,1296,0,0,0,515.837,2.717,1772942895160,1772942896456,591,357.625,24
3,3,2026-03-08T03:58:32.461Z,20260307_215832,9,BUBBLE_S_TIGHT,28,1,3,BUBBLE,1,0,S,10,TIGHT,8,30,960,500,4,139,6,126.219,25.32,589.547,358.655,570.777,20,4.885,916,0,0,0,923.49,5.332,1772942896456,1772942897372,124,33.625,6
3,3,2026-03-08T03:58:32.461Z,20260307_215832,9,BUBBLE_S_TIGHT,28,1,3,BUBBLE,1,0,S,10,TIGHT,8,30,960,500,5,140,14,83.101,380.004,126.219,25.32,357.296,20,4.238,946,0,0,0,1256.622,4.48,1772942897372,1772942898318,93,392.625,14
3,3,2026-03-08T03:58:32.461Z,20260307_215832,9,BUBBLE_S_TIGHT,29,2,3,BUBBLE,1,0,S,10,TIGHT,8,30,960,500,1,141,0,903.951,366.579,480,250,439.687,20,4.523,853,0,0,0,907.867,5.302,1772942898859,1772942899712,916,368.625,0
3,3,2026-03-08T03:58:32.461Z,20260307_215832,9,BUBBLE_S_TIGHT,29,2,3,BUBBLE,1,0,S,10,TIGHT,8,30,960,500,2,142,12,342.824,265.011,903.951,366.579,570.245,20,4.883,859,0,0,0,844.122,5.685,1772942899712,1772942900571,339,259.625,12
3,3,2026-03-08T03:58:32.461Z,20260307_215832,9,BUBBLE_S_TIGHT,29,2,3,BUBBLE,1,0,S,10,TIGHT,8,30,960,500,3,143,18,829.596,122.216,342.824,265.011,507.284,20,4.721,848,0,0,0,675.49,5.567,1772942900571,1772942901419,839,120.625,18
3,3,2026-03-08T03:58:32.461Z,20260307_215832,9,BUBBLE_S_TIGHT,29,2,3,BUBBLE,1,0,S,10,TIGHT,8,30,960,500,4,144,8,837.423,169.498,829.596,122.216,47.925,20,1.764,886,0,0,0,1056.116,1.991,1772942901419,1772942902305,833,164.625,8
3,3,2026-03-08T03:58:32.461Z,20260307_215832,9,BUBBLE_S_TIGHT,29,2,3,BUBBLE,1,0,S,10,TIGHT,8,30,960,500,5,145,28,158.215,138.014,837.423,169.498,679.938,20,5.129,723,0,0,0,811.271,7.094,1772942902305,1772942903028,164,134.625,28
3,3,2026-03-08T03:58:32.461Z,20260307_215832,9,BUBBLE_S_TIGHT,30,3,3,BUBBLE,1,0,S,10,TIGHT,8,30,960,500,1,146,24,396.811,443.007,480,250,210.172,20,3.525,790,0,0,0,1008.214,4.462,1772942904129,1772942904919,386,441.625,24
3,3,2026-03-08T03:58:32.461Z,20260307_215832,9,BUBBLE_S_TIGHT,30,3,3,BUBBLE,1,0,S,10,TIGHT,8,30,960,500,2,147,8,632.206,31.929,396.811,443.007,473.704,20,4.626,895,0,0,0,631.584,5.168,1772942904919,1772942905814,654,35.625,8
3,3,2026-03-08T03:58:32.461Z,20260307_215832,9,BUBBLE_S_TIGHT,30,3,3,BUBBLE,1,0,S,10,TIGHT,8,30,960,500,3,148,27,31.027,450.156,632.206,31.929,732.345,20,5.233,872,0,0,0,789.741,6.002,1772942905814,1772942906686,29,449.625,27
3,3,2026-03-08T03:58:32.461Z,20260307_215832,9,BUBBLE_S_TIGHT,30,3,3,BUBBLE,1,0,S,10,TIGHT,8,30,960,500,4,149,21,702.586,363.168,31.027,450.156,677.17,20,5.123,890,0,0,0,906.497,5.757,1772942906686,1772942907576,699,356.625,21
3,3,2026-03-08T03:58:32.461Z,20260307_215832,9,BUBBLE_S_TIGHT,30,3,3,BUBBLE,1,0,S,10,TIGHT,8,30,960,500,5,150,8,632.206,31.929,702.586,363.168,338.633,20,4.164,769,0,0,0,825.449,5.415,1772942907576,1772942908345,615,12.625,8
3,3,2026-03-08T03:58:32.461Z,20260307_215832,10,BUBBLE_L_MED,31,1,3,BUBBLE,1,1,L,22,MED,18,30,960,500,1,151,3,653.979,72.369,480,250,248.639,44,2.734,735,0,0,0,235.241,3.719,1772942979968,1772942980703,651,88.625,3
3,3,2026-03-08T03:58:32.461Z,20260307_215832,10,BUBBLE_L_MED,31,1,3,BUBBLE,1,1,L,22,MED,18,30,960,500,2,152,8,495.575,57.935,653.979,72.369,159.059,44,2.206,518,0,0,0,282.003,4.259,1772942980703,1772942981221,505,81.625,8
3,3,2026-03-08T03:58:32.461Z,20260307_215832,10,BUBBLE_L_MED,31,1,3,BUBBLE,1,1,L,22,MED,18,30,960,500,3,153,25,32.322,359.873,495.575,57.935,552.965,44,3.762,634,0,0,0,583.534,5.934,1772942981221,1772942981855,39,355.625,25
3,3,2026-03-08T03:58:32.461Z,20260307_215832,10,BUBBLE_L_MED,31,1,3,BUBBLE,1,1,L,22,MED,18,30,960,500,4,154,17,636.655,235.979,32.322,359.873,616.902,44,3.909,579,0,0,0,631.383,6.751,1772942981855,1772942982434,617,249.625,17
3,3,2026-03-08T03:58:32.461Z,20260307_215832,10,BUBBLE_L_MED,31,1,3,BUBBLE,1,1,L,22,MED,18,30,960,500,5,155,26,415.126,241.189,636.655,235.979,221.59,44,2.594,541,0,0,0,350.751,4.794,1772942982434,1772942982975,418,246.625,26
3,3,2026-03-08T03:58:32.461Z,20260307_215832,10,BUBBLE_L_MED,32,2,3,BUBBLE,1,1,L,22,MED,18,30,960,500,1,156,24,850.213,436.258,480,250,414.427,44,3.381,668,0,0,0,1537.364,5.062,1772942983492,1772942984160,839,427.625,24
3,3,2026-03-08T03:58:32.461Z,20260307_215832,10,BUBBLE_L_MED,32,2,3,BUBBLE,1,1,L,22,MED,18,30,960,500,2,157,13,219.557,256.88,850.213,436.258,655.67,44,3.991,697,0,0,0,1399.274,5.726,1772942984160,1772942984857,222,252.625,13
3,3,2026-03-08T03:58:32.461Z,20260307_215832,10,BUBBLE_L_MED,32,2,3,BUBBLE,1,1,L,22,MED,18,30,960,500,3,158,4,77.591,48.757,219.557,256.88,251.931,44,2.75,694,0,0,0,1349.941,3.962,1772942984857,1772942985551,79,54.625,4
3,3,2026-03-08T03:58:32.461Z,20260307_215832,10,BUBBLE_L_MED,32,2,3,BUBBLE,1,1,L,22,MED,18,30,960,500,4,159,10,760.735,204.219,77.591,48.757,700.61,44,4.081,690,0,0,0,1056.74,5.914,1772942985551,1772942986241,766,208.625,10
3,3,2026-03-08T03:58:32.461Z,20260307_215832,10,BUBBLE_L_MED,32,2,3,BUBBLE,1,1,L,22,MED,18,30,960,500,5,160,6,634.155,313.525,760.735,204.219,167.243,44,2.263,631,0,0,0,647.252,3.587,1772942986241,1772942986872,644,315.625,6
3,3,2026-03-08T03:58:32.461Z,20260307_215832,10,BUBBLE_L_MED,33,3,3,BUBBLE,1,1,L,22,MED,18,30,960,500,1,161,18,681.588,92.958,480,250,255.538,44,2.767,725,0,0,0,936.155,3.817,1772942987343,1772942988068,673,84.625,18
3,3,2026-03-08T03:58:32.461Z,20260307_215832,10,BUBBLE_L_MED,33,3,3,BUBBLE,1,1,L,22,MED,18,30,960,500,2,162,27,451.788,442.894,681.588,92.958,418.644,44,3.394,659,0,0,0,497.338,5.151,1772942988068,1772942988727,453,433.625,27
3,3,2026-03-08T03:58:32.461Z,20260307_215832,10,BUBBLE_L_MED,33,3,3,BUBBLE,1,1,L,22,MED,18,30,960,500,3,163,13,742.732,314.29,451.788,442.894,318.099,44,3.041,621,0,0,0,891.519,4.897,1772942988727,1772942989348,774,316.625,13
3,3,2026-03-08T03:58:32.461Z,20260307_215832,10,BUBBLE_L_MED,33,3,3,BUBBLE,1,1,L,22,MED,18,30,960,500,4,164,21,713.999,185.202,742.732,314.29,132.247,44,2.002,545,0,0,0,239.105,3.673,1772942989348,1772942989893,741,200.625,21
3,3,2026-03-08T03:58:32.461Z,20260307_215832,10,BUBBLE_L_MED,33,3,3,BUBBLE,1,1,L,22,MED,18,30,960,500,5,165,22,859.599,257.013,713.999,185.202,162.345,44,2.229,551,0,0,0,654.585,4.046,1772942989893,1772942990444,868,268.625,22
3,3,2026-03-08T03:58:32.461Z,20260307_215832,11,BUBBLE_S_MED,34,1,3,BUBBLE,1,2,S,10,MED,18,30,960,500,1,166,21,42.354,224.302,480,250,438.4,20,4.519,806,0,0,0,700.17,5.606,1772942990997,1772942991803,38,223.625,21
3,3,2026-03-08T03:58:32.461Z,20260307_215832,11,BUBBLE_S_MED,34,1,3,BUBBLE,1,2,S,10,MED,18,30,960,500,2,167,19,246.051,93.875,42.354,224.302,241.875,20,3.711,851,0,0,0,738.275,4.361,1772942991803,1772942992654,248,83.625,19
3,3,2026-03-08T03:58:32.461Z,20260307_215832,11,BUBBLE_S_MED,34,1,3,BUBBLE,1,2,S,10,MED,18,30,960,500,3,168,28,881.43,405.687,246.051,93.875,707.766,20,5.185,742,0,0,0,806.915,6.988,1772942992654,1772942993396,886,394.625,28
3,3,2026-03-08T03:58:32.461Z,20260307_215832,11,BUBBLE_S_MED,34,1,3,BUBBLE,1,2,S,10,MED,18,30,960,500,4,169,25,553.887,99.474,881.43,405.687,448.386,20,4.55,773,0,0,0,621.052,5.886,1772942993396,1772942994169,553,103.625,25
3,3,2026-03-08T03:58:32.461Z,20260307_215832,11,BUBBLE_S_MED,34,1,3,BUBBLE,1,2,S,10,MED,18,30,960,500,5,170,13,173.757,396.121,553.887,99.474,482.181,20,4.65,840,0,0,0,571.949,5.536,1772942994169,1772942995009,176,393.625,13
3,3,2026-03-08T03:58:32.461Z,20260307_215832,11,BUBBLE_S_MED,35,2,3,BUBBLE,1,2,S,10,MED,18,30,960,500,1,171,1,90.885,78.176,480,250,425.363,20,4.477,808,0,0,0,698.049,5.541,1772942995404,1772942996212,87,76.625,1
3,3,2026-03-08T03:58:32.461Z,20260307_215832,11,BUBBLE_S_MED,35,2,3,BUBBLE,1,2,S,10,MED,18,30,960,500,2,172,20,841.563,266.442,90.885,78.176,773.926,20,5.311,724,0,0,0,870.929,7.336,1772942996212,1772942996936,831,263.625,20
3,3,2026-03-08T03:58:32.461Z,20260307_215832,11,BUBBLE_S_MED,35,2,3,BUBBLE,1,2,S,10,MED,18,30,960,500,3,173,6,203.796,99.462,841.563,266.442,659.264,20,5.086,794,0,0,0,775.633,6.405,1772942996936,1772942997730,210,103.625,6
3,3,2026-03-08T03:58:32.461Z,20260307_215832,11,BUBBLE_S_MED,35,2,3,BUBBLE,1,2,S,10,MED,18,30,960,500,4,174,19,759.599,97.869,203.796,99.462,555.805,20,4.848,761,0,0,0,686.667,6.37,1772942997730,1772942998491,760,99.625,19
3,3,2026-03-08T03:58:32.461Z,20260307_215832,11,BUBBLE_S_MED,35,2,3,BUBBLE,1,2,S,10,MED,18,30,960,500,5,175,7,45.537,95.111,759.599,97.869,714.067,20,5.198,770,0,0,0,831.036,6.75,1772942998491,1772942999261,40,89.625,7
3,3,2026-03-08T03:58:32.461Z,20260307_215832,11,BUBBLE_S_MED,36,3,3,BUBBLE,1,2,S,10,MED,18,30,960,500,1,176,4,560.524,222.175,480,250,85.196,20,2.395,729,0,0,0,615.529,3.285,1772942999614,1772943000343,556,221.625,4
3,3,2026-03-08T03:58:32.461Z,20260307_215832,11,BUBBLE_S_MED,36,3,3,BUBBLE,1,2,S,10,MED,18,30,960,500,2,177,6,458.724,49.362,560.524,222.175,200.568,20,3.463,671,0,0,0,411.981,5.161,1772943000343,1772943001014,446,47.625,6
3,3,2026-03-08T03:58:32.461Z,20260307_215832,11,BUBBLE_S_MED,36,3,3,BUBBLE,1,2,S,10,MED,18,30,960,500,3,178,3,738.027,152.359,458.724,49.362,297.688,20,3.99,680,0,0,0,362.13,5.867,1772943001014,1772943001694,727,155.625,3
3,3,2026-03-08T03:58:32.461Z,20260307_215832,11,BUBBLE_S_MED,36,3,3,BUBBLE,1,2,S,10,MED,18,30,960,500,4,179,21,78.84,68.672,738.027,152.359,664.478,20,5.097,763,0,0,0,880.644,6.68,1772943001694,1772943002457,82,70.625,21
3,3,2026-03-08T03:58:32.461Z,20260307_215832,11,BUBBLE_S_MED,36,3,3,BUBBLE,1,2,S,10,MED,18,30,960,500,5,180,15,831.855,412.886,78.84,68.672,827.958,20,5.406,791,0,0,0,854.836,6.834,1772943002457,1772943003248,842,420.625,15
3,3,2026-03-08T03:58:32.461Z,20260307_215832,12,BUBBLE_M_LOOSE,37,1,3,BUBBLE,1,3,M,16,LOOSE,28,30,960,500,1,181,12,890.806,146.695,480,250,423.596,32,3.832,647,0,0,0,619.683,5.922,1772943003600,1772943004247,877,142.625,12
3,3,2026-03-08T03:58:32.461Z,20260307_215832,12,BUBBLE_M_LOOSE,37,1,3,BUBBLE,1,3,M,16,LOOSE,28,30,960,500,2,182,22,136.678,339.024,890.806,146.695,778.266,32,4.662,780,0,0,0,939.36,5.977,1772943004247,1772943005027,131,339.625,22
3,3,2026-03-08T03:58:32.461Z,20260307_215832,12,BUBBLE_M_LOOSE,37,1,3,BUBBLE,1,3,M,16,LOOSE,28,30,960,500,3,183,6,83.032,167.839,136.678,339.024,179.393,32,2.724,732,0,0,0,894.846,3.721,1772943005027,1772943005759,80,178.625,6
3,3,2026-03-08T03:58:32.461Z,20260307_215832,12,BUBBLE_M_LOOSE,37,1,3,BUBBLE,1,3,M,16,LOOSE,28,30,960,500,4,184,13,512.816,241.196,83.032,167.839,435.999,32,3.87,511,0,0,0,451.958,7.574,1772943005759,1772943006270,514,243.625,13
3,3,2026-03-08T03:58:32.461Z,20260307_215832,12,BUBBLE_M_LOOSE,37,1,3,BUBBLE,1,3,M,16,LOOSE,28,30,960,500,5,185,21,204.214,47.514,512.816,241.196,364.345,32,3.631,654,0,0,0,814.627,5.551,1772943006270,1772943006924,197,53.625,21
3,3,2026-03-08T03:58:32.461Z,20260307_215832,12,BUBBLE_M_LOOSE,38,2,3,BUBBLE,1,3,M,16,LOOSE,28,30,960,500,1,186,2,494.557,416.759,480,250,167.393,32,2.639,657,0,0,0,672.08,4.017,1772943007259,1772943007916,487,407.625,2
3,3,2026-03-08T03:58:32.461Z,20260307_215832,12,BUBBLE_M_LOOSE,38,2,3,BUBBLE,1,3,M,16,LOOSE,28,30,960,500,2,187,9,313.995,71.952,494.557,416.759,389.223,32,3.718,674,0,0,0,571.803,5.517,1772943007916,1772943008590,326,77.625,9
3,3,2026-03-08T03:58:32.461Z,20260307_215832,12,BUBBLE_M_LOOSE,38,2,3,BUBBLE,1,3,M,16,LOOSE,28,30,960,500,3,188,20,355.696,391.235,313.995,71.952,321.995,32,3.468,677,0,0,0,742.424,5.122,1772943008590,1772943009267,351,388.625,20
3,3,2026-03-08T03:58:32.461Z,20260307_215832,12,BUBBLE_M_LOOSE,38,2,3,BUBBLE,1,3,M,16,LOOSE,28,30,960,500,4,189,18,609.219,458.872,355.696,391.235,262.39,32,3.202,640,0,0,0,548.28,5.002,1772943009267,1772943009907,612,451.625,18
3,3,2026-03-08T03:58:32.461Z,20260307_215832,12,BUBBLE_M_LOOSE,38,2,3,BUBBLE,1,3,M,16,LOOSE,28,30,960,500,5,190,9,313.995,71.952,609.219,458.872,486.687,32,4.019,659,0,0,0,539.277,6.098,1772943009907,1772943010566,318,76.625,9
3,3,2026-03-08T03:58:32.461Z,20260307_215832,12,BUBBLE_M_LOOSE,39,3,3,BUBBLE,1,3,M,16,LOOSE,28,30,960,500,1,191,6,146.245,324.988,480,250,342.076,32,3.547,735,0,0,0,480.551,4.826,1772943010934,1772943011669,157,320.625,6
3,3,2026-03-08T03:58:32.461Z,20260307_215832,12,BUBBLE_M_LOOSE,39,3,3,BUBBLE,1,3,M,16,LOOSE,28,30,960,500,2,192,28,318.034,357.891,146.245,324.988,174.912,32,2.693,720,0,0,0,731.146,3.74,1772943011669,1772943012389,314,356.625,28
3,3,2026-03-08T03:58:32.461Z,20260307_215832,12,BUBBLE_M_LOOSE,39,3,3,BUBBLE,1,3,M,16,LOOSE,28,30,960,500,3,193,23,385.185,106.483,318.034,357.891,260.222,32,3.191,603,0,0,0,751.221,5.292,1772943012389,1772943012992,394,105.625,23
3,3,2026-03-08T03:58:32.461Z,20260307_215832,12,BUBBLE_M_LOOSE,39,3,3,BUBBLE,1,3,M,16,LOOSE,28,30,960,500,4,194,3,567.958,275.148,385.185,106.483,248.704,32,3.133,425,0,0,0,331.98,7.372,1772943012992,1772943013417,579,294.625,3
3,3,2026-03-08T03:58:32.461Z,20260307_215832,12,BUBBLE_M_LOOSE,39,3,3,BUBBLE,1,3,M,16,LOOSE,28,30,960,500,5,195,0,640.953,111.681,567.958,275.148,179.024,32,2.721,547,0,0,0,503.013,4.975,1772943013417,1772943013964,638,120.625,0
3,3,2026-03-08T03:58:32.461Z,20260307_215832,13,BUBBLE_M_TIGHT,40,1,3,BUBBLE,1,4,M,16,TIGHT,8,30,960,500,1,196,22,381.723,222.001,480,250,102.187,32,2.068,549,0,0,0,430.088,3.767,1772943014286,1772943014835,403,218.625,22
3,3,2026-03-08T03:58:32.461Z,20260307_215832,13,BUBBLE_M_TIGHT,40,1,3,BUBBLE,1,4,M,16,TIGHT,8,30,960,500,2,197,29,885.4,258.626,381.723,222.001,505.006,32,4.069,644,0,0,0,506.969,6.318,1772943014835,1772943015479,865,251.625,29
3,3,2026-03-08T03:58:32.461Z,20260307_215832,13,BUBBLE_M_TIGHT,40,1,3,BUBBLE,1,4,M,16,TIGHT,8,30,960,500,3,198,10,264.155,196.626,885.4,258.626,624.331,32,4.358,631,0,0,0,749.936,6.907,1772943015479,1772943016110,278,208.625,10
3,3,2026-03-08T03:58:32.461Z,20260307_215832,13,BUBBLE_M_TIGHT,40,1,3,BUBBLE,1,4,M,16,TIGHT,8,30,960,500,4,199,12,686.112,216.501,264.155,196.626,422.424,32,3.828,657,0,0,0,518.74,5.826,1772943016110,1772943016767,685,218.625,12
3,3,2026-03-08T03:58:32.461Z,20260307_215832,13,BUBBLE_M_TIGHT,40,1,3,BUBBLE,1,4,M,16,TIGHT,8,30,960,500,5,200,7,312.882,108.851,686.112,216.501,388.444,32,3.716,628,0,0,0,537.574,5.917,1772943016767,1772943017395,313,101.625,7
3,3,2026-03-08T03:58:32.461Z,20260307_215832,13,BUBBLE_M_TIGHT,41,2,3,BUBBLE,1,4,M,16,TIGHT,8,30,960,500,1,201,14,709.221,57.731,480,250,299.182,32,3.371,870,0,0,0,667.407,3.875,1772943017812,1772943018682,714,50.625,14
3,3,2026-03-08T03:58:32.461Z,20260307_215832,13,BUBBLE_M_TIGHT,41,2,3,BUBBLE,1,4,M,16,TIGHT,8,30,960,500,2,202,2,884.215,433.215,709.221,57.731,414.26,32,3.802,696,0,0,0,738.965,5.462,1772943018682,1772943019378,882,439.625,2
3,3,2026-03-08T03:58:32.461Z,20260307_215832,13,BUBBLE_M_TIGHT,41,2,3,BUBBLE,1,4,M,16,TIGHT,8,30,960,500,3,203,19,456.013,416.03,884.215,433.215,428.546,32,3.847,892,0,0,0,850.398,4.313,1772943019378,1772943020270,471,418.625,19
3,3,2026-03-08T03:58:32.461Z,20260307_215832,13,BUBBLE_M_TIGHT,41,2,3,BUBBLE,1,4,M,16,TIGHT,8,30,960,500,4,204,9,543.843,232.927,456.013,416.03,203.078,32,2.877,492,0,0,0,219.96,5.848,1772943020270,1772943020762,535,234.625,9
3,3,2026-03-08T03:58:32.461Z,20260307_215832,13,BUBBLE_M_TIGHT,41,2,3,BUBBLE,1,4,M,16,TIGHT,8,30,960,500,5,205,26,855.327,70.04,543.843,232.927,351.503,32,3.583,551,0,0,0,368.422,6.503,1772943020762,1772943021313,849,68.625,26
3,3,2026-03-08T03:58:32.461Z,20260307_215832,13,BUBBLE_M_TIGHT,42,3,3,BUBBLE,1,4,M,16,TIGHT,8,30,960,500,1,206,15,355.034,148.992,480,250,160.683,32,2.59,577,0,0,0,360.147,4.489,1772943021614,1772943022191,339,151.625,15
3,3,2026-03-08T03:58:32.461Z,20260307_215832,13,BUBBLE_M_TIGHT,42,3,3,BUBBLE,1,4,M,16,TIGHT,8,30,960,500,2,207,9,285.534,377.509,355.034,148.992,238.852,32,3.081,593,0,0,0,368.747,5.196,1772943022191,1772943022784,288,382.625,9
3,3,2026-03-08T03:58:32.461Z,20260307_215832,13,BUBBLE_M_TIGHT,42,3,3,BUBBLE,1,4,M,16,TIGHT,8,30,960,500,3,208,23,174.51,419.08,285.534,377.509,118.551,32,2.234,511,0,0,0,521.005,4.372,1772943022784,1772943023295,164,401.625,23
3,3,2026-03-08T03:58:32.461Z,20260307_215832,13,BUBBLE_M_TIGHT,42,3,3,BUBBLE,1,4,M,16,TIGHT,8,30,960,500,4,209,2,805.255,110.543,174.51,419.08,702.164,32,4.52,663,0,0,0,775.058,6.817,1772943023295,1772943023958,818,104.625,2
3,3,2026-03-08T03:58:32.461Z,20260307_215832,13,BUBBLE_M_TIGHT,42,3,3,BUBBLE,1,4,M,16,TIGHT,8,30,960,500,5,210,4,857.76,211.261,805.255,110.543,113.582,32,2.186,665,0,0,0,716.002,3.287,1772943023958,1772943024623,833,205.625,4
3,3,2026-03-08T03:58:32.461Z,20260307_215832,14,BUBBLE_L_LOOSE,43,1,3,BUBBLE,1,5,L,22,LOOSE,28,30,960,500,1,211,9,189.162,253.936,480,250,290.864,44,2.928,566,0,0,0,429.546,5.173,1772943025002,1772943025568,196,257.625,9
3,3,2026-03-08T03:58:32.461Z,20260307_215832,14,BUBBLE_L_LOOSE,43,1,3,BUBBLE,1,5,L,22,LOOSE,28,30,960,500,2,212,23,92.581,57.293,189.162,253.936,219.08,44,2.58,582,0,0,0,629.994,4.433,1772943025568,1772943026150,105,61.625,23
3,3,2026-03-08T03:58:32.461Z,20260307_215832,14,BUBBLE_L_LOOSE,43,1,3,BUBBLE,1,5,L,22,LOOSE,28,30,960,500,3,213,17,673.824,161.759,92.581,57.293,590.556,44,3.85,580,0,0,0,694.553,6.638,1772943026150,1772943026730,680,153.625,17
3,3,2026-03-08T03:58:32.461Z,20260307_215832,14,BUBBLE_L_LOOSE,43,1,3,BUBBLE,1,5,L,22,LOOSE,28,30,960,500,4,214,14,350.934,86.339,673.824,161.759,331.581,44,3.094,609,0,0,0,472.03,5.08,1772943026730,1772943027339,372,72.625,14
3,3,2026-03-08T03:58:32.461Z,20260307_215832,14,BUBBLE_L_LOOSE,43,1,3,BUBBLE,1,5,L,22,LOOSE,28,30,960,500,5,215,27,529.933,38.295,350.934,86.339,185.335,44,2.382,572,0,0,0,373.125,4.164,1772943027339,1772943027911,511,31.625,27
3,3,2026-03-08T03:58:32.461Z,20260307_215832,14,BUBBLE_L_LOOSE,44,2,3,BUBBLE,1,5,L,22,LOOSE,28,30,960,500,1,216,9,373.029,268.78,480,250,108.607,44,1.794,525,0,0,0,308.52,3.418,1772943028287,1772943028812,375,254.625,9
3,3,2026-03-08T03:58:32.461Z,20260307_215832,14,BUBBLE_L_LOOSE,44,2,3,BUBBLE,1,5,L,22,LOOSE,28,30,960,500,2,217,14,601.515,393.98,373.029,268.78,260.539,44,2.791,530,0,0,0,295.196,5.266,1772943028812,1772943029342,597,401.625,14
3,3,2026-03-08T03:58:32.461Z,20260307_215832,14,BUBBLE_L_LOOSE,44,2,3,BUBBLE,1,5,L,22,LOOSE,28,30,960,500,3,218,22,616.776,299.754,601.515,393.98,95.454,44,1.664,489,0,0,0,209.545,3.403,1772943029342,1772943029831,620,303.625,22
3,3,2026-03-08T03:58:32.461Z,20260307_215832,14,BUBBLE_L_LOOSE,44,2,3,BUBBLE,1,5,L,22,LOOSE,28,30,960,500,4,219,17,925.095,136.896,616.776,299.754,348.688,44,3.158,614,0,0,0,429.756,5.143,1772943029831,1772943030445,919,139.625,17
3,3,2026-03-08T03:58:32.461Z,20260307_215832,14,BUBBLE_L_LOOSE,44,2,3,BUBBLE,1,5,L,22,LOOSE,28,30,960,500,5,220,1,677.713,345.557,925.095,136.896,323.631,44,3.063,570,0,0,0,365.943,5.373,1772943030445,1772943031015,666,356.625,1
3,3,2026-03-08T03:58:32.461Z,20260307_215832,14,BUBBLE_L_LOOSE,45,3,3,BUBBLE,1,5,L,22,LOOSE,28,30,960,500,1,221,29,599.319,337.946,480,250,148.227,44,2.127,669,0,0,0,297.739,3.18,1772943031367,1772943032036,615,329.625,29
3,3,2026-03-08T03:58:32.461Z,20260307_215832,14,BUBBLE_L_LOOSE,45,3,3,BUBBLE,1,5,L,22,LOOSE,28,30,960,500,2,222,7,761.135,142.601,599.319,337.946,253.661,44,2.758,515,0,0,0,429.792,5.356,1772943032036,1772943032551,745,133.625,7
3,3,2026-03-08T03:58:32.461Z,20260307_215832,14,BUBBLE_L_LOOSE,45,3,3,BUBBLE,1,5,L,22,LOOSE,28,30,960,500,3,223,16,611.653,413.071,761.135,142.601,309.028,44,3.004,553,0,0,0,357.152,5.433,1772943032551,1772943033104,608,401.625,16
3,3,2026-03-08T03:58:32.461Z,20260307_215832,14,BUBBLE_L_LOOSE,45,3,3,BUBBLE,1,5,L,22,LOOSE,28,30,960,500,4,224,25,844.934,98.919,611.653,413.071,391.294,44,3.306,514,0,0,0,408.447,6.433,1772943033104,1772943033618,845,95.625,25
3,3,2026-03-08T03:58:32.461Z,20260307_215832,14,BUBBLE_L_LOOSE,45,3,3,BUBBLE,1,5,L,22,LOOSE,28,30,960,500,5,225,12,443.458,427.617,844.934,98.919,518.869,44,3.677,606,0,0,0,561.366,6.068,1772943033618,1772943034224,441,425.625,12
3,3,2026-03-08T03:58:32.461Z,20260307_215832,15,BUBBLE_L_TIGHT,46,1,3,BUBBLE,1,6,L,22,TIGHT,8,30,960,500,1,226,11,702.43,448.868,480,250,298.369,44,2.96,607,0,0,0,394.024,4.876,1772943034543,1772943035150,687,436.625,11
3,3,2026-03-08T03:58:32.461Z,20260307_215832,15,BUBBLE_L_TIGHT,46,1,3,BUBBLE,1,6,L,22,TIGHT,8,30,960,500,2,227,3,693.327,262.59,702.43,448.868,186.501,44,2.389,497,0,0,0,328.171,4.807,1772943035150,1772943035647,700,267.625,3
3,3,2026-03-08T03:58:32.461Z,20260307_215832,15,BUBBLE_L_TIGHT,46,1,3,BUBBLE,1,6,L,22,TIGHT,8,30,960,500,3,228,1,350.061,238.387,693.327,262.59,344.118,44,3.141,566,0,0,0,453.789,5.549,1772943035647,1772943036213,355,252.625,1
3,3,2026-03-08T03:58:32.461Z,20260307_215832,15,BUBBLE_L_TIGHT,46,1,3,BUBBLE,1,6,L,22,TIGHT,8,30,960,500,4,229,18,427.009,213.816,350.061,238.387,80.776,44,1.504,1022,1,0,1,362.43,1.471,1772943036213,1772943037235,434,217.625,18
3,3,2026-03-08T03:58:32.461Z,20260307_215832,15,BUBBLE_L_TIGHT,46,1,3,BUBBLE,1,6,L,22,TIGHT,8,30,960,500,5,230,29,399.054,269.588,427.009,213.816,62.386,44,1.274,660,0,0,0,467.319,1.93,1772943037235,1772943037895,392,269.625,29
3,3,2026-03-08T03:58:32.461Z,20260307_215832,15,BUBBLE_L_TIGHT,47,2,3,BUBBLE,1,6,L,22,TIGHT,8,30,960,500,1,231,24,683.925,239.351,480,250,204.203,44,2.496,864,0,0,0,376.819,2.889,1772943038409,1772943039273,697,244.625,24
3,3,2026-03-08T03:58:32.461Z,20260307_215832,15,BUBBLE_L_TIGHT,47,2,3,BUBBLE,1,6,L,22,TIGHT,8,30,960,500,2,232,27,115.184,432.922,683.925,239.351,600.78,44,3.873,728,0,0,0,604.8,5.32,1772943039273,1772943040001,141,434.625,27
3,3,2026-03-08T03:58:32.461Z,20260307_215832,15,BUBBLE_L_TIGHT,47,2,3,BUBBLE,1,6,L,22,TIGHT,8,30,960,500,3,233,25,714.484,346.745,115.184,432.922,605.465,44,3.884,739,0,0,0,732.196,5.255,1772943040001,1772943040740,716,338.625,25
3,3,2026-03-08T03:58:32.461Z,20260307_215832,15,BUBBLE_L_TIGHT,47,2,3,BUBBLE,1,6,L,22,TIGHT,8,30,960,500,4,234,22,865.322,263.377,714.484,346.745,172.343,44,2.298,812,0,0,0,725.965,2.83,1772943040740,1772943041552,873,269.625,22
3,3,2026-03-08T03:58:32.461Z,20260307_215832,15,BUBBLE_L_TIGHT,47,2,3,BUBBLE,1,6,L,22,TIGHT,8,30,960,500,5,235,18,568.928,329.563,865.322,263.377,303.694,44,2.982,547,0,0,0,394.11,5.452,1772943041552,1772943042099,563,328.625,18
3,3,2026-03-08T03:58:32.461Z,20260307_215832,15,BUBBLE_L_TIGHT,48,3,3,BUBBLE,1,6,L,22,TIGHT,8,30,960,500,1,236,0,858.064,428.781,480,250,418.204,44,3.393,668,0,0,0,649.353,5.079,1772943042482,1772943043150,832,430.625,0
3,3,2026-03-08T03:58:32.461Z,20260307_215832,15,BUBBLE_L_TIGHT,48,3,3,BUBBLE,1,6,L,22,TIGHT,8,30,960,500,2,237,4,587.497,177.55,858.064,428.781,369.22,44,3.231,627,0,0,0,483.995,5.154,1772943043150,1772943043777,596,179.625,4
3,3,2026-03-08T03:58:32.461Z,20260307_215832,15,BUBBLE_L_TIGHT,48,3,3,BUBBLE,1,6,L,22,TIGHT,8,30,960,500,3,238,26,300.647,68.86,587.497,177.55,306.751,44,2.995,593,0,0,0,398.958,5.05,1772943043777,1772943044370,312,66.625,26
3,3,2026-03-08T03:58:32.461Z,20260307_215832,15,BUBBLE_L_TIGHT,48,3,3,BUBBLE,1,6,L,22,TIGHT,8,30,960,500,4,239,13,894.152,327.329,300.647,68.86,647.344,44,3.974,610,0,0,0,672.392,6.514,1772943044370,1772943044980,888,330.625,13
3,3,2026-03-08T03:58:32.461Z,20260307_215832,15,BUBBLE_L_TIGHT,48,3,3,BUBBLE,1,6,L,22,TIGHT,8,30,960,500,5,240,14,642.842,117.792,894.152,327.329,327.204,44,3.077,631,0,0,0,480.577,4.876,1772943044980,1772943045611,640,121.625,14
3,3,2026-03-08T03:58:32.461Z,20260307_215832,16,BUBBLE_M_MED,49,1,3,BUBBLE,1,7,M,16,MED,18,30,960,500,1,241,2,601.831,466.46,480,250,248.39,32,3.131,918,0,0,0,713.928,3.411,1772943045995,1772943046913,612,466.625,2
3,3,2026-03-08T03:58:32.461Z,20260307_215832,16,BUBBLE_M_MED,49,1,3,BUBBLE,1,7,M,16,MED,18,30,960,500,2,242,5,486.841,385.099,601.831,466.46,140.863,32,2.433,553,0,0,0,397.394,4.401,1772943046913,1772943047466,504,381.625,5
3,3,2026-03-08T03:58:32.461Z,20260307_215832,16,BUBBLE_M_MED,49,1,3,BUBBLE,1,7,M,16,MED,18,30,960,500,3,243,3,501.075,170.748,486.841,385.099,214.823,32,2.947,533,0,0,0,363.691,5.53,1772943047466,1772943047999,504,184.625,3
3,3,2026-03-08T03:58:32.461Z,20260307_215832,16,BUBBLE_M_MED,49,1,3,BUBBLE,1,7,M,16,MED,18,30,960,500,4,244,0,719.73,148.649,501.075,170.748,219.769,32,2.976,531,0,0,0,391.085,5.604,1772943047999,1772943048530,684,160.625,0
3,3,2026-03-08T03:58:32.461Z,20260307_215832,16,BUBBLE_M_MED,49,1,3,BUBBLE,1,7,M,16,MED,18,30,960,500,5,245,25,445.253,94.638,719.73,148.649,279.74,32,3.284,509,0,0,0,333.388,6.452,1772943048530,1772943049039,437,81.625,25
3,3,2026-03-08T03:58:32.461Z,20260307_215832,16,BUBBLE_M_MED,50,2,3,BUBBLE,1,7,M,16,MED,18,30,960,500,1,246,10,711.991,103.051,480,250,274.616,32,3.26,586,0,0,0,467.565,5.564,1772943049429,1772943050015,699,93.625,10
3,3,2026-03-08T03:58:32.461Z,20260307_215832,16,BUBBLE_M_MED,50,2,3,BUBBLE,1,7,M,16,MED,18,30,960,500,2,247,29,621.972,367.769,711.991,103.051,279.605,32,3.284,646,0,0,0,531.094,5.083,1772943050015,1772943050661,617,369.625,29
3,3,2026-03-08T03:58:32.461Z,20260307_215832,16,BUBBLE_M_MED,50,2,3,BUBBLE,1,7,M,16,MED,18,30,960,500,3,248,17,175.875,419.674,621.972,367.769,449.107,32,3.91,558,0,0,0,444.017,7.008,1772943050661,1772943051219,222,416.625,17
3,3,2026-03-08T03:58:32.461Z,20260307_215832,16,BUBBLE_M_MED,50,2,3,BUBBLE,1,7,M,16,MED,18,30,960,500,4,249,16,411.197,201.008,175.875,419.674,321.235,32,3.464,654,0,0,0,432.968,5.297,1772943051219,1772943051873,405,201.625,16
3,3,2026-03-08T03:58:32.461Z,20260307_215832,16,BUBBLE_M_MED,50,2,3,BUBBLE,1,7,M,16,MED,18,30,960,500,5,250,4,757.009,161.454,411.197,201.008,348.066,32,3.57,567,0,0,0,406.787,6.296,1772943051873,1772943052440,770,165.625,4
3,3,2026-03-08T03:58:32.461Z,20260307_215832,16,BUBBLE_M_MED,51,3,3,BUBBLE,1,7,M,16,MED,18,30,960,500,1,251,12,564.809,159.96,480,250,123.692,32,2.283,645,0,0,0,512.873,3.539,1772943052832,1772943053477,563,145.625,12
3,3,2026-03-08T03:58:32.461Z,20260307_215832,16,BUBBLE_M_MED,51,3,3,BUBBLE,1,7,M,16,MED,18,30,960,500,2,252,14,378.807,234.904,564.809,159.96,200.533,32,2.861,474,0,0,0,311.069,6.036,1772943053477,1772943053951,346,237.625,14
3,3,2026-03-08T03:58:32.461Z,20260307_215832,16,BUBBLE_M_MED,51,3,3,BUBBLE,1,7,M,16,MED,18,30,960,500,3,253,19,241.336,374.081,378.807,234.904,195.623,32,2.831,571,0,0,0,356.701,4.957,1772943053951,1772943054522,257,393.625,19
3,3,2026-03-08T03:58:32.461Z,20260307_215832,16,BUBBLE_M_MED,51,3,3,BUBBLE,1,7,M,16,MED,18,30,960,500,4,254,8,570.182,220.219,241.336,374.081,363.061,32,3.626,581,0,0,0,429.24,6.241,1772943054522,1772943055103,580,235.625,8
3,3,2026-03-08T03:58:32.461Z,20260307_215832,16,BUBBLE_M_MED,51,3,3,BUBBLE,1,7,M,16,MED,18,30,960,500,5,255,6,367.85,135.288,570.182,220.219,219.434,32,2.974,579,0,0,0,472.902,5.137,1772943055103,1772943055682,354,119.625,6
3,3,2026-03-08T03:58:32.461Z,20260307_215832,17,BUBBLE_S_LOOSE,52,1,3,BUBBLE,1,8,S,10,LOOSE,28,30,960,500,1,256,18,121.721,85.693,480,250,394.158,20,4.372,825,0,0,0,775.25,5.3,1772943056020,1772943056845,124,88.625,18
3,3,2026-03-08T03:58:32.461Z,20260307_215832,17,BUBBLE_S_LOOSE,52,1,3,BUBBLE,1,8,S,10,LOOSE,28,30,960,500,2,257,1,821.801,295.518,121.721,85.693,730.848,20,5.23,629,0,0,0,899.415,8.315,1772943056845,1772943057474,817,296.625,1
3,3,2026-03-08T03:58:32.461Z,20260307_215832,17,BUBBLE_S_LOOSE,52,1,3,BUBBLE,1,8,S,10,LOOSE,28,30,960,500,3,258,27,863.953,457.319,821.801,295.518,167.201,20,3.227,864,0,0,0,1102.936,3.734,1772943057474,1772943058338,867,458.625,27
3,3,2026-03-08T03:58:32.461Z,20260307_215832,17,BUBBLE_S_LOOSE,52,1,3,BUBBLE,1,8,S,10,LOOSE,28,30,960,500,4,259,18,121.721,85.693,863.953,457.319,830.069,20,5.41,790,0,0,0,1068.034,6.847,1772943058338,1772943059128,139,83.625,18
3,3,2026-03-08T03:58:32.461Z,20260307_215832,17,BUBBLE_S_LOOSE,52,1,3,BUBBLE,1,8,S,10,LOOSE,28,30,960,500,5,260,19,646.953,63.645,121.721,85.693,525.694,20,4.77,694,0,0,0,785.663,6.873,1772943059128,1772943059822,650,53.625,19
3,3,2026-03-08T03:58:32.461Z,20260307_215832,17,BUBBLE_S_LOOSE,53,2,3,BUBBLE,1,8,S,10,LOOSE,28,30,960,500,1,261,23,112.064,31.47,480,250,427.94,20,4.485,846,0,0,0,575.443,5.302,1772943060235,1772943061081,125,32.625,23
3,3,2026-03-08T03:58:32.461Z,20260307_215832,17,BUBBLE_S_LOOSE,53,2,3,BUBBLE,1,8,S,10,LOOSE,28,30,960,500,2,262,9,209.364,201.792,112.064,31.47,196.155,20,3.434,1029,0,0,0,1088.527,3.337,1772943061081,1772943062110,202,199.625,9
3,3,2026-03-08T03:58:32.461Z,20260307_215832,17,BUBBLE_S_LOOSE,53,2,3,BUBBLE,1,8,S,10,LOOSE,28,30,960,500,3,263,19,167.308,171.755,209.364,201.792,51.681,20,1.842,797,0,0,0,1205,2.311,1772943062110,1772943062907,145,176.625,19
3,3,2026-03-08T03:58:32.461Z,20260307_215832,17,BUBBLE_S_LOOSE,53,2,3,BUBBLE,1,8,S,10,LOOSE,28,30,960,500,4,264,4,649.345,393.568,167.308,171.755,530.624,20,4.783,695,0,0,0,648.765,6.882,1772943062907,1772943063602,657,399.625,4
3,3,2026-03-08T03:58:32.461Z,20260307_215832,17,BUBBLE_S_LOOSE,53,2,3,BUBBLE,1,8,S,10,LOOSE,28,30,960,500,5,265,21,391.434,304.131,649.345,393.568,272.979,20,3.873,629,0,0,0,447.09,6.157,1772943063602,1772943064231,393,317.625,21
3,3,2026-03-08T03:58:32.461Z,20260307_215832,17,BUBBLE_S_LOOSE,54,3,3,BUBBLE,1,8,S,10,LOOSE,28,30,960,500,1,266,13,36.608,409.913,480,250,471.347,20,4.619,894,0,0,0,977.343,5.166,1772943064705,1772943065599,51,415.625,13
3,3,2026-03-08T03:58:32.461Z,20260307_215832,17,BUBBLE_S_LOOSE,54,3,3,BUBBLE,1,8,S,10,LOOSE,28,30,960,500,2,267,21,592.347,56.661,36.608,409.913,658.508,20,5.084,658,0,0,0,800.936,7.727,1772943065599,1772943066257,578,52.625,21
3,3,2026-03-08T03:58:32.461Z,20260307_215832,17,BUBBLE_S_LOOSE,54,3,3,BUBBLE,1,8,S,10,LOOSE,28,30,960,500,3,268,3,614.554,449.329,592.347,56.661,393.296,20,4.369,663,0,0,0,547.492,6.59,1772943066257,1772943066920,582,451.625,3
3,3,2026-03-08T03:58:32.461Z,20260307_215832,17,BUBBLE_S_LOOSE,54,3,3,BUBBLE,1,8,S,10,LOOSE,28,30,960,500,4,269,24,360.191,413.484,614.554,449.329,256.876,20,3.791,744,0,0,0,704.532,5.096,1772943066920,1772943067664,369,421.625,24
3,3,2026-03-08T03:58:32.461Z,20260307_215832,17,BUBBLE_S_LOOSE,54,3,3,BUBBLE,1,8,S,10,LOOSE,28,30,960,500,5,270,21,592.347,56.661,360.191,413.484,425.699,20,4.478,618,0,0,0,591.192,7.246,1772943067664,1772943068282,576,52.625,21
3,3,2026-03-08T03:58:32.461Z,20260307_215832,18,POINT_S_LOOSE,55,1,3,POINT,2,0,S,10,LOOSE,28,30,960,500,1,271,18,178.172,398.608,480,250,336.429,20,4.156,1117,0,0,0,693.218,3.72,1772943068692,1772943069809,177,395.625,18
3,3,2026-03-08T03:58:32.461Z,20260307_215832,18,POINT_S_LOOSE,55,1,3,POINT,2,0,S,10,LOOSE,28,30,960,500,2,272,0,724.687,474.433,178.172,398.608,551.751,20,4.837,911,0,0,0,702.724,5.31,1772943069809,1772943070720,726,473.625,0
3,3,2026-03-08T03:58:32.461Z,20260307_215832,18,POINT_S_LOOSE,55,1,3,POINT,2,0,S,10,LOOSE,28,30,960,500,3,273,16,182.178,116.27,724.687,474.433,650.074,20,5.066,821,0,0,0,847.434,6.171,1772943070720,1772943071541,174,115.625,16
3,3,2026-03-08T03:58:32.461Z,20260307_215832,18,POINT_S_LOOSE,55,1,3,POINT,2,0,S,10,LOOSE,28,30,960,500,4,274,19,106.534,348.205,182.178,116.27,243.958,20,3.722,753,0,0,0,788.966,4.943,1772943071541,1772943072294,108,348.625,19
3,3,2026-03-08T03:58:32.461Z,20260307_215832,18,POINT_S_LOOSE,55,1,3,POINT,2,0,S,10,LOOSE,28,30,960,500,5,275,18,178.172,398.608,106.534,348.205,87.592,20,2.428,800,0,0,0,760.216,3.034,1772943072294,1772943073094,175,391.625,18
3,3,2026-03-08T03:58:32.461Z,20260307_215832,18,POINT_S_LOOSE,56,2,3,POINT,2,0,S,10,LOOSE,28,30,960,500,1,276,19,445.456,367.266,480,250,122.248,20,2.83,660,0,0,0,336.381,4.288,1772943073501,1772943074161,439,374.625,19
3,3,2026-03-08T03:58:32.461Z,20260307_215832,18,POINT_S_LOOSE,56,2,3,POINT,2,0,S,10,LOOSE,28,30,960,500,2,277,16,724.532,56.69,445.456,367.266,417.541,20,4.451,1361,0,2,2,707.829,3.271,1772943074161,1772943075522,724,64.625,16
3,3,2026-03-08T03:58:32.461Z,20260307_215832,18,POINT_S_LOOSE,56,2,3,POINT,2,0,S,10,LOOSE,28,30,960,500,3,278,0,839.136,329.095,724.532,56.69,295.531,20,3.98,1009,0,0,0,786.049,3.944,1772943075522,1772943076531,840,325.625,0
3,3,2026-03-08T03:58:32.461Z,20260307_215832,18,POINT_S_LOOSE,56,2,3,POINT,2,0,S,10,LOOSE,28,30,960,500,4,279,12,688.764,213.415,839.136,329.095,189.72,20,3.39,752,0,0,0,991.448,4.508,1772943076531,1772943077283,697,214.625,12
3,3,2026-03-08T03:58:32.461Z,20260307_215832,18,POINT_S_LOOSE,56,2,3,POINT,2,0,S,10,LOOSE,28,30,960,500,5,280,7,791.627,233.282,688.764,213.415,104.764,20,2.641,712,0,0,0,564.307,3.709,1772943077283,1772943077995,792,234.625,7
3,3,2026-03-08T03:58:32.461Z,20260307_215832,18,POINT_S_LOOSE,57,3,3,POINT,2,0,S,10,LOOSE,28,30,960,500,1,281,3,166.978,157.418,480,250,326.426,20,4.114,810,0,0,0,632.304,5.08,1772943078306,1772943079116,166,156.625,3
3,3,2026-03-08T03:58:32.461Z,20260307_215832,18,POINT_S_LOOSE,57,3,3,POINT,2,0,S,10,LOOSE,28,30,960,500,2,282,20,160.22,356.942,166.978,157.418,199.638,20,3.457,1563,0,3,3,1176.053,2.212,1772943079116,1772943080679,163,362.625,20
3,3,2026-03-08T03:58:32.461Z,20260307_215832,18,POINT_S_LOOSE,57,3,3,POINT,2,0,S,10,LOOSE,28,30,960,500,3,283,16,615.761,302.444,160.22,356.942,458.789,20,4.581,682,0,0,0,480.643,6.717,1772943080679,1772943081361,620,302.625,16
3,3,2026-03-08T03:58:32.461Z,20260307_215832,18,POINT_S_LOOSE,57,3,3,POINT,2,0,S,10,LOOSE,28,30,960,500,4,284,24,823.033,69.093,615.761,302.444,312.112,20,4.054,943,0,1,1,707.803,4.299,1772943081361,1772943082304,828,67.625,24
3,3,2026-03-08T03:58:32.461Z,20260307_215832,18,POINT_S_LOOSE,57,3,3,POINT,2,0,S,10,LOOSE,28,30,960,500,5,285,2,668.748,460.218,823.033,69.093,420.455,20,4.461,833,0,0,0,715.117,5.355,1772943082304,1772943083137,672,458.625,2
3,3,2026-03-08T03:58:32.461Z,20260307_215832,19,POINT_L_TIGHT,58,1,3,POINT,2,1,L,22,TIGHT,8,30,960,500,1,286,28,673.764,77.049,480,250,259.724,44,2.787,793,0,0,0,344.626,3.515,1772943083472,1772943084265,674,69.625,28
3,3,2026-03-08T03:58:32.461Z,20260307_215832,19,POINT_L_TIGHT,58,1,3,POINT,2,1,L,22,TIGHT,8,30,960,500,2,287,25,314.469,391.926,673.764,77.049,477.746,44,3.568,685,0,0,0,560.596,5.208,1772943084265,1772943084950,313,390.625,25
3,3,2026-03-08T03:58:32.461Z,20260307_215832,19,POINT_L_TIGHT,58,1,3,POINT,2,1,L,22,TIGHT,8,30,960,500,3,288,1,323.856,49.908,314.469,391.926,342.148,44,3.134,576,0,0,0,435.992,5.44,1772943084950,1772943085526,327,54.625,1
3,3,2026-03-08T03:58:32.461Z,20260307_215832,19,POINT_L_TIGHT,58,1,3,POINT,2,1,L,22,TIGHT,8,30,960,500,4,289,7,581.74,62.62,323.856,49.908,258.197,44,2.78,660,0,0,0,603.631,4.212,1772943085527,1772943086187,577,55.625,7
3,3,2026-03-08T03:58:32.461Z,20260307_215832,19,POINT_L_TIGHT,58,1,3,POINT,2,1,L,22,TIGHT,8,30,960,500,5,290,20,730.851,398.392,581.74,62.62,367.392,44,3.225,630,0,0,0,535.983,5.119,1772943086187,1772943086817,727,409.625,20
3,3,2026-03-08T03:58:32.461Z,20260307_215832,19,POINT_L_TIGHT,59,2,3,POINT,2,1,L,22,TIGHT,8,30,960,500,1,291,28,270.668,357.287,480,250,235.224,44,2.666,609,0,0,0,345.94,4.377,1772943087232,1772943087841,276,357.625,28
3,3,2026-03-08T03:58:32.461Z,20260307_215832,19,POINT_L_TIGHT,59,2,3,POINT,2,1,L,22,TIGHT,8,30,960,500,2,292,16,450.284,136.535,270.668,357.287,284.593,44,2.901,1190,0,2,2,510.193,2.438,1772943087841,1772943089031,442,142.625,16
3,3,2026-03-08T03:58:32.461Z,20260307_215832,19,POINT_L_TIGHT,59,2,3,POINT,2,1,L,22,TIGHT,8,30,960,500,3,293,23,898.76,108.349,450.284,136.535,449.361,44,3.487,675,0,0,0,598.836,5.166,1772943089031,1772943089706,899,109.625,23
3,3,2026-03-08T03:58:32.461Z,20260307_215832,19,POINT_L_TIGHT,59,2,3,POINT,2,1,L,22,TIGHT,8,30,960,500,4,294,13,375.897,450.025,898.76,108.349,624.602,44,3.926,665,0,0,0,715.22,5.903,1772943089706,1772943090371,385,442.625,13
3,3,2026-03-08T03:58:32.461Z,20260307_215832,19,POINT_L_TIGHT,59,2,3,POINT,2,1,L,22,TIGHT,8,30,960,500,5,295,14,713.616,252.503,375.897,450.025,391.24,44,3.306,676,0,1,1,645.598,4.891,1772943090371,1772943091047,735,253.625,14
3,3,2026-03-08T03:58:32.461Z,20260307_215832,19,POINT_L_TIGHT,60,3,3,POINT,2,1,L,22,TIGHT,8,30,960,500,1,296,8,671.97,383.399,480,250,233.769,44,2.658,641,0,0,0,394.198,4.147,1772943091534,1772943092175,683,388.625,8
3,3,2026-03-08T03:58:32.461Z,20260307_215832,19,POINT_L_TIGHT,60,3,3,POINT,2,1,L,22,TIGHT,8,30,960,500,2,297,7,653.102,441.867,671.97,383.399,61.437,44,1.261,648,0,0,0,595.625,1.946,1772943092175,1772943092823,659,436.625,7
3,3,2026-03-08T03:58:32.461Z,20260307_215832,19,POINT_L_TIGHT,60,3,3,POINT,2,1,L,22,TIGHT,8,30,960,500,3,298,20,618.917,329.349,653.102,441.867,117.596,44,1.877,549,0,0,0,524.715,3.419,1772943092823,1772943093372,615,336.625,20
3,3,2026-03-08T03:58:32.461Z,20260307_215832,19,POINT_L_TIGHT,60,3,3,POINT,2,1,L,22,TIGHT,8,30,960,500,4,299,7,653.102,441.867,618.917,329.349,117.596,44,1.877,634,0,0,0,270.202,2.96,1772943093372,1772943094006,644,446.625,7
3,3,2026-03-08T03:58:32.461Z,20260307_215832,19,POINT_L_TIGHT,60,3,3,POINT,2,1,L,22,TIGHT,8,30,960,500,5,300,12,809.67,403.473,653.102,441.867,161.206,44,2.221,544,0,0,0,330.657,4.084,1772943094006,1772943094550,822,402.625,12
3,3,2026-03-08T03:58:32.461Z,20260307_215832,20,POINT_M_TIGHT,61,1,3,POINT,2,2,M,16,TIGHT,8,30,960,500,1,301,18,864.555,105.815,480,250,410.696,32,3.79,766,0,0,0,871.399,4.948,1772943095034,1772943095800,859,110.625,18
3,3,2026-03-08T03:58:32.461Z,20260307_215832,20,POINT_M_TIGHT,61,1,3,POINT,2,2,M,16,TIGHT,8,30,960,500,2,302,5,464.024,34.643,864.555,105.815,406.805,32,3.777,1036,0,1,1,726.011,3.646,1772943095800,1772943096836,465,37.625,5
3,3,2026-03-08T03:58:32.461Z,20260307_215832,20,POINT_M_TIGHT,61,1,3,POINT,2,2,M,16,TIGHT,8,30,960,500,3,303,11,508.399,291.439,464.024,34.643,260.601,32,3.193,733,0,0,0,280.877,4.356,1772943096836,1772943097569,511,284.625,11
3,3,2026-03-08T03:58:32.461Z,20260307_215832,20,POINT_M_TIGHT,61,1,3,POINT,2,2,M,16,TIGHT,8,30,960,500,4,304,4,29.189,112.208,508.399,291.439,511.63,32,4.086,744,0,0,0,832.521,5.493,1772943097569,1772943098313,39,119.625,4
3,3,2026-03-08T03:58:32.461Z,20260307_215832,20,POINT_M_TIGHT,61,1,3,POINT,2,2,M,16,TIGHT,8,30,960,500,5,305,3,598.352,32.053,29.189,112.208,574.78,32,4.245,665,0,0,0,756.417,6.384,1772943098313,1772943098978,594,38.625,3
3,3,2026-03-08T03:58:32.461Z,20260307_215832,20,POINT_M_TIGHT,62,2,3,POINT,2,2,M,16,TIGHT,8,30,960,500,1,306,23,611.018,344.46,480,250,161.519,32,2.596,621,0,0,0,392.258,4.181,1772943099364,1772943099985,606,346.625,23
3,3,2026-03-08T03:58:32.461Z,20260307_215832,20,POINT_M_TIGHT,62,2,3,POINT,2,2,M,16,TIGHT,8,30,960,500,2,307,4,103.54,255.747,611.018,344.46,515.174,32,4.096,723,0,0,0,614.692,5.665,1772943099985,1772943100708,110,265.625,4
3,3,2026-03-08T03:58:32.461Z,20260307_215832,20,POINT_M_TIGHT,62,2,3,POINT,2,2,M,16,TIGHT,8,30,960,500,3,308,25,100.606,434.917,103.54,255.747,179.194,32,2.722,786,0,0,0,461.709,3.464,1772943100708,1772943101494,113,435.625,25
3,3,2026-03-08T03:58:32.461Z,20260307_215832,20,POINT_M_TIGHT,62,2,3,POINT,2,2,M,16,TIGHT,8,30,960,500,4,309,14,205.479,103.247,100.606,434.917,347.854,32,3.569,703,0,0,0,897.093,5.077,1772943101494,1772943102197,208,96.625,14
3,3,2026-03-08T03:58:32.461Z,20260307_215832,20,POINT_M_TIGHT,62,2,3,POINT,2,2,M,16,TIGHT,8,30,960,500,5,310,16,885.396,121.472,205.479,103.247,680.161,32,4.476,734,0,0,0,896.539,6.098,1772943102197,1772943102931,877,117.625,16
3,3,2026-03-08T03:58:32.461Z,20260307_215832,20,POINT_M_TIGHT,63,3,3,POINT,2,2,M,16,TIGHT,8,30,960,500,1,311,27,394.445,253.764,480,250,85.637,32,1.878,676,0,0,0,714.237,2.778,1772943103068,1772943103744,406,249.625,27
3,3,2026-03-08T03:58:32.461Z,20260307_215832,20,POINT_M_TIGHT,63,3,3,POINT,2,2,M,16,TIGHT,8,30,960,500,2,312,24,500.96,77.614,394.445,253.764,205.85,32,2.894,1393,0,1,1,790.024,2.077,1772943103744,1772943105137,512,73.625,24
3,3,2026-03-08T03:58:32.461Z,20260307_215832,20,POINT_M_TIGHT,63,3,3,POINT,2,2,M,16,TIGHT,8,30,960,500,3,313,7,680.109,370.844,500.96,77.614,343.625,32,3.553,630,0,0,0,356.622,5.64,1772943105137,1772943105767,671,367.625,7
3,3,2026-03-08T03:58:32.461Z,20260307_215832,20,POINT_M_TIGHT,63,3,3,POINT,2,2,M,16,TIGHT,8,30,960,500,4,314,3,261.962,288.418,680.109,370.844,426.193,32,3.84,634,0,0,0,502.133,6.056,1772943105767,1772943106401,262,302.625,3
3,3,2026-03-08T03:58:32.461Z,20260307_215832,20,POINT_M_TIGHT,63,3,3,POINT,2,2,M,16,TIGHT,8,30,960,500,5,315,26,375.013,83.955,261.962,288.418,233.635,32,3.053,813,0,1,1,433.804,3.756,1772943106401,1772943107214,383,86.625,26
3,3,2026-03-08T03:58:32.461Z,20260307_215832,21,POINT_S_MED,64,1,3,POINT,2,3,S,10,MED,18,30,960,500,1,316,25,465.585,244.148,480,250,15.558,20,0.83,892,0,0,0,108.244,0.931,1772943107757,1772943108649,461,244.625,25
3,3,2026-03-08T03:58:32.461Z,20260307_215832,21,POINT_S_MED,64,1,3,POINT,2,3,S,10,MED,18,30,960,500,2,317,6,572.629,99.333,465.585,244.148,180.083,20,3.323,844,0,0,0,240.062,3.937,1772943108649,1772943109493,575,99.625,6
3,3,2026-03-08T03:58:32.461Z,20260307_215832,21,POINT_S_MED,64,1,3,POINT,2,3,S,10,MED,18,30,960,500,3,318,25,465.585,244.148,572.629,99.333,180.083,20,3.323,1014,0,1,1,286.222,3.277,1772943109493,1772943110507,465,246.625,25
3,3,2026-03-08T03:58:32.461Z,20260307_215832,21,POINT_S_MED,64,1,3,POINT,2,3,S,10,MED,18,30,960,500,4,319,6,572.629,99.333,465.585,244.148,180.083,20,3.323,679,0,0,0,288.063,4.893,1772943110507,1772943111186,572,98.625,6
3,3,2026-03-08T03:58:32.461Z,20260307_215832,21,POINT_S_MED,64,1,3,POINT,2,3,S,10,MED,18,30,960,500,5,320,13,515.267,342.575,572.629,99.333,249.915,20,3.754,1215,0,1,1,522.882,3.09,1772943111186,1772943112401,516,347.625,13
3,3,2026-03-08T03:58:32.461Z,20260307_215832,21,POINT_S_MED,65,2,3,POINT,2,3,S,10,MED,18,30,960,500,1,321,18,116.911,96.744,480,250,394.108,20,4.372,861,0,0,0,534.149,5.078,1772943112819,1772943113680,123,96.625,18
3,3,2026-03-08T03:58:32.461Z,20260307_215832,21,POINT_S_MED,65,2,3,POINT,2,3,S,10,MED,18,30,960,500,2,322,12,678.746,104.191,116.911,96.744,561.884,20,4.863,911,0,0,0,666.815,5.338,1772943113681,1772943114592,672,109.625,12
3,3,2026-03-08T03:58:32.461Z,20260307_215832,21,POINT_S_MED,65,2,3,POINT,2,3,S,10,MED,18,30,960,500,3,323,27,340.318,94.435,678.746,104.191,338.568,20,4.164,1385,1,1,2,723.106,3.007,1772943114592,1772943115977,349,95.625,27
3,3,2026-03-08T03:58:32.461Z,20260307_215832,21,POINT_S_MED,65,2,3,POINT,2,3,S,10,MED,18,30,960,500,4,324,17,881.391,128.756,340.318,94.435,542.161,20,4.813,1261,0,1,1,634.901,3.817,1772943115977,1772943117238,877,133.625,17
3,3,2026-03-08T03:58:32.461Z,20260307_215832,21,POINT_S_MED,65,2,3,POINT,2,3,S,10,MED,18,30,960,500,5,325,29,615.916,138.967,881.391,128.756,265.672,20,3.836,1111,0,1,1,795.008,3.453,1772943117238,1772943118349,613,145.625,29
3,3,2026-03-08T03:58:32.461Z,20260307_215832,21,POINT_S_MED,66,3,3,POINT,2,3,S,10,MED,18,30,960,500,1,326,21,566.778,421.382,480,250,192.099,20,3.407,1110,0,1,1,594.744,3.069,1772943118883,1772943119993,560,426.625,21
3,3,2026-03-08T03:58:32.461Z,20260307_215832,21,POINT_S_MED,66,3,3,POINT,2,3,S,10,MED,18,30,960,500,2,327,14,656.711,334.925,566.778,421.382,124.751,20,2.855,736,0,0,0,144.235,3.88,1772943119993,1772943120729,651,336.625,14
3,3,2026-03-08T03:58:32.461Z,20260307_215832,21,POINT_S_MED,66,3,3,POINT,2,3,S,10,MED,18,30,960,500,3,328,15,220.134,219.935,656.711,334.925,451.467,20,4.559,720,0,0,0,508.316,6.332,1772943120729,1772943121449,217,215.625,15
3,3,2026-03-08T03:58:32.461Z,20260307_215832,21,POINT_S_MED,66,3,3,POINT,2,3,S,10,MED,18,30,960,500,4,329,18,811.408,376.507,220.134,219.935,611.653,20,4.981,1038,0,0,0,813.738,4.799,1772943121449,1772943122487,815,379.625,18
3,3,2026-03-08T03:58:32.461Z,20260307_215832,21,POINT_S_MED,66,3,3,POINT,2,3,S,10,MED,18,30,960,500,5,330,0,188.203,38.958,811.408,376.507,708.748,20,5.187,882,0,0,0,1008.728,5.881,1772943122487,1772943123369,184,39.625,0
3,3,2026-03-08T03:58:32.461Z,20260307_215832,22,POINT_S_TIGHT,67,1,3,POINT,2,4,S,10,TIGHT,8,30,960,500,1,331,1,157.824,382.871,480,250,348.5,20,4.204,1004,0,0,0,674.3,4.187,1772943123812,1772943124816,153,390.625,1
3,3,2026-03-08T03:58:32.461Z,20260307_215832,22,POINT_S_TIGHT,67,1,3,POINT,2,4,S,10,TIGHT,8,30,960,500,2,332,21,669.596,447.919,157.824,382.871,515.889,20,4.744,948,0,0,0,555.834,5.004,1772943124816,1772943125764,668,453.625,21
3,3,2026-03-08T03:58:32.461Z,20260307_215832,22,POINT_S_TIGHT,67,1,3,POINT,2,4,S,10,TIGHT,8,30,960,500,3,333,25,682.256,121.033,669.596,447.919,327.131,20,4.117,762,0,0,0,558.793,5.403,1772943125764,1772943126526,683,120.625,25
3,3,2026-03-08T03:58:32.461Z,20260307_215832,22,POINT_S_TIGHT,67,1,3,POINT,2,4,S,10,TIGHT,8,30,960,500,4,334,8,507.057,375.277,682.256,121.033,308.764,20,4.039,740,0,0,0,574.437,5.458,1772943126526,1772943127266,508,375.625,8
3,3,2026-03-08T03:58:32.461Z,20260307_215832,22,POINT_S_TIGHT,67,1,3,POINT,2,4,S,10,TIGHT,8,30,960,500,5,335,18,350.331,411.463,507.057,375.277,160.849,20,3.177,826,0,0,0,440.108,3.846,1772943127266,1772943128092,351,411.625,18
3,3,2026-03-08T03:58:32.461Z,20260307_215832,22,POINT_S_TIGHT,68,2,3,POINT,2,4,S,10,TIGHT,8,30,960,500,1,336,18,25.721,45.554,480,250,498.165,20,4.695,834,0,0,0,649.804,5.63,1772943128439,1772943129273,27,36.625,18
3,3,2026-03-08T03:58:32.461Z,20260307_215832,22,POINT_S_TIGHT,68,2,3,POINT,2,4,S,10,TIGHT,8,30,960,500,2,337,26,554.686,337.614,25.721,45.554,604.238,20,4.964,710,0,0,0,789.551,6.992,1772943129273,1772943129983,553,335.625,26
3,3,2026-03-08T03:58:32.461Z,20260307_215832,22,POINT_S_TIGHT,68,2,3,POINT,2,4,S,10,TIGHT,8,30,960,500,3,338,24,826.105,201.282,554.686,337.614,303.735,20,4.017,652,0,0,0,631.256,6.161,1772943129983,1772943130635,830,198.625,24
3,3,2026-03-08T03:58:32.461Z,20260307_215832,22,POINT_S_TIGHT,68,2,3,POINT,2,4,S,10,TIGHT,8,30,960,500,4,339,4,642.162,220.822,826.105,201.282,184.978,20,3.357,741,0,0,0,885.41,4.531,1772943130635,1772943131376,643,219.625,4
3,3,2026-03-08T03:58:32.461Z,20260307_215832,22,POINT_S_TIGHT,68,2,3,POINT,2,4,S,10,TIGHT,8,30,960,500,5,340,15,482.347,314.219,642.162,220.822,185.105,20,3.358,693,0,0,0,577.722,4.846,1772943131376,1772943132069,485,317.625,15
3,3,2026-03-08T03:58:32.461Z,20260307_215832,22,POINT_S_TIGHT,69,3,3,POINT,2,4,S,10,TIGHT,8,30,960,500,1,341,17,815.274,405.564,480,250,369.606,20,4.284,920,0,0,0,1130.063,4.656,1772943132492,1772943133412,816,402.625,17
3,3,2026-03-08T03:58:32.461Z,20260307_215832,22,POINT_S_TIGHT,69,3,3,POINT,2,4,S,10,TIGHT,8,30,960,500,2,342,22,505.009,391.787,815.274,405.564,310.571,20,4.047,851,0,0,0,790.273,4.755,1772943133412,1772943134263,502,390.625,22
3,3,2026-03-08T03:58:32.461Z,20260307_215832,22,POINT_S_TIGHT,69,3,3,POINT,2,4,S,10,TIGHT,8,30,960,500,3,343,18,593.106,430.099,505.009,391.787,96.068,20,2.537,732,0,0,0,715.227,3.466,1772943134263,1772943134995,593,432.625,18
3,3,2026-03-08T03:58:32.461Z,20260307_215832,22,POINT_S_TIGHT,69,3,3,POINT,2,4,S,10,TIGHT,8,30,960,500,4,344,28,215.384,372.492,593.106,430.099,382.09,20,4.329,782,0,0,0,553.449,5.536,1772943134995,1772943135777,216,375.625,28
3,3,2026-03-08T03:58:32.461Z,20260307_215832,22,POINT_S_TIGHT,69,3,3,POINT,2,4,S,10,TIGHT,8,30,960,500,5,345,23,836.463,277.518,215.384,372.492,628.298,20,5.019,752,0,0,0,766.702,6.674,1772943135777,1772943136529,829,278.625,23
3,3,2026-03-08T03:58:32.461Z,20260307_215832,23,POINT_L_LOOSE,70,1,3,POINT,2,5,L,22,LOOSE,28,30,960,500,1,346,29,94.273,268.133,480,250,386.153,44,3.289,794,0,0,0,899.994,4.143,1772943136878,1772943137672,79,270.625,29
3,3,2026-03-08T03:58:32.461Z,20260307_215832,23,POINT_L_LOOSE,70,1,3,POINT,2,5,L,22,LOOSE,28,30,960,500,2,347,28,202.926,431.277,94.273,268.133,196.014,44,2.448,566,0,0,0,400.748,4.324,1772943137672,1772943138238,199,429.625,28
3,3,2026-03-08T03:58:32.461Z,20260307_215832,23,POINT_L_LOOSE,70,1,3,POINT,2,5,L,22,LOOSE,28,30,960,500,3,348,18,407.106,120.11,202.926,431.277,372.175,44,3.242,795,0,1,1,705.378,4.078,1772943138238,1772943139033,409,119.625,18
3,3,2026-03-08T03:58:32.461Z,20260307_215832,23,POINT_L_LOOSE,70,1,3,POINT,2,5,L,22,LOOSE,28,30,960,500,4,349,17,829.007,426.114,407.106,120.11,521.19,44,3.683,901,0,1,1,650.995,4.088,1772943139033,1772943139934,820,422.625,17
3,3,2026-03-08T03:58:32.461Z,20260307_215832,23,POINT_L_LOOSE,70,1,3,POINT,2,5,L,22,LOOSE,28,30,960,500,5,350,27,298.876,160.388,829.007,426.114,593,44,3.856,558,0,0,0,616.042,6.91,1772943139934,1772943140492,313,170.625,27
3,3,2026-03-08T03:58:32.461Z,20260307_215832,23,POINT_L_LOOSE,71,2,3,POINT,2,5,L,22,LOOSE,28,30,960,500,1,351,3,782.146,133.965,480,250,323.661,44,3.063,749,0,0,0,659.316,4.089,1772943140664,1772943141413,762,130.625,3
3,3,2026-03-08T03:58:32.461Z,20260307_215832,23,POINT_L_LOOSE,71,2,3,POINT,2,5,L,22,LOOSE,28,30,960,500,2,352,2,425.634,328.137,782.146,133.965,405.96,44,3.354,948,0,1,1,880.011,3.538,1772943141413,1772943142361,416,328.625,2
3,3,2026-03-08T03:58:32.461Z,20260307_215832,23,POINT_L_LOOSE,71,2,3,POINT,2,5,L,22,LOOSE,28,30,960,500,3,353,13,141.442,285.014,425.634,328.137,287.445,44,2.913,636,0,0,0,561.667,4.58,1772943142361,1772943142997,149,286.625,13
3,3,2026-03-08T03:58:32.461Z,20260307_215832,23,POINT_L_LOOSE,71,2,3,POINT,2,5,L,22,LOOSE,28,30,960,500,4,354,19,503.44,225.661,141.442,285.014,366.832,44,3.223,781,0,0,0,610.884,4.127,1772943142997,1772943143778,506,236.625,19
3,3,2026-03-08T03:58:32.461Z,20260307_215832,23,POINT_L_LOOSE,71,2,3,POINT,2,5,L,22,LOOSE,28,30,960,500,5,355,13,141.442,285.014,503.44,225.661,366.832,44,3.223,720,0,0,0,557.723,4.476,1772943143778,1772943144498,132,292.625,13
3,3,2026-03-08T03:58:32.461Z,20260307_215832,23,POINT_L_LOOSE,72,3,3,POINT,2,5,L,22,LOOSE,28,30,960,500,1,356,21,903.662,369.583,480,250,440.215,44,3.46,805,0,0,0,877.59,4.298,1772943144910,1772943145715,895,366.625,21
3,3,2026-03-08T03:58:32.461Z,20260307_215832,23,POINT_L_LOOSE,72,3,3,POINT,2,5,L,22,LOOSE,28,30,960,500,2,357,9,732.933,274.528,903.662,369.583,195.406,44,2.444,607,0,0,0,584.01,4.026,1772943145715,1772943146322,728,267.625,9
3,3,2026-03-08T03:58:32.461Z,20260307_215832,23,POINT_L_LOOSE,72,3,3,POINT,2,5,L,22,LOOSE,28,30,960,500,3,358,6,211.996,190.713,732.933,274.528,527.637,44,3.7,718,0,0,0,936.78,5.153,1772943146322,1772943147040,219,185.625,6
3,3,2026-03-08T03:58:32.461Z,20260307_215832,23,POINT_L_LOOSE,72,3,3,POINT,2,5,L,22,LOOSE,28,30,960,500,4,359,11,59.472,343.163,211.996,190.713,215.65,44,2.561,696,0,0,0,493.026,3.68,1772943147040,1772943147736,77,342.625,11
3,3,2026-03-08T03:58:32.461Z,20260307_215832,23,POINT_L_LOOSE,72,3,3,POINT,2,5,L,22,LOOSE,28,30,960,500,5,360,12,313.464,456.62,59.472,343.163,278.182,44,2.872,644,0,0,0,575.447,4.46,1772943147736,1772943148380,331,457.625,12
3,3,2026-03-08T03:58:32.461Z,20260307_215832,24,POINT_M_MED,73,1,3,POINT,2,6,M,16,MED,18,30,960,500,1,361,6,883.701,317.298,480,250,409.272,32,3.786,775,0,0,0,846.721,4.885,1772943148734,1772943149509,890,320.625,6
3,3,2026-03-08T03:58:32.461Z,20260307_215832,24,POINT_M_MED,73,1,3,POINT,2,6,M,16,MED,18,30,960,500,2,362,5,168.495,149.894,883.701,317.298,734.536,32,4.582,777,0,0,0,995.854,5.897,1772943149509,1772943150286,163,142.625,5
3,3,2026-03-08T03:58:32.461Z,20260307_215832,24,POINT_M_MED,73,1,3,POINT,2,6,M,16,MED,18,30,960,500,3,363,23,806.719,306.099,168.495,149.894,657.061,32,4.428,769,0,0,0,704.887,5.759,1772943150286,1772943151055,804,317.625,23
3,3,2026-03-08T03:58:32.461Z,20260307_215832,24,POINT_M_MED,73,1,3,POINT,2,6,M,16,MED,18,30,960,500,4,364,26,918.532,153.294,806.719,306.099,189.345,32,2.79,750,0,0,0,795.553,3.72,1772943151055,1772943151805,906,152.625,26
3,3,2026-03-08T03:58:32.461Z,20260307_215832,24,POINT_M_MED,73,1,3,POINT,2,6,M,16,MED,18,30,960,500,5,365,17,753.848,371.576,918.532,153.294,273.436,32,3.255,714,0,0,0,537.641,4.558,1772943151805,1772943152519,749,365.625,17
3,3,2026-03-08T03:58:32.461Z,20260307_215832,24,POINT_M_MED,74,2,3,POINT,2,6,M,16,MED,18,30,960,500,1,366,29,28.953,93.896,480,250,477.297,32,3.992,1043,0,0,0,890.689,3.828,1772943152905,1772943153948,26,89.625,29
3,3,2026-03-08T03:58:32.461Z,20260307_215832,24,POINT_M_MED,74,2,3,POINT,2,6,M,16,MED,18,30,960,500,2,367,23,547.916,472.223,28.953,93.896,642.226,32,4.397,828,0,0,0,1009.622,5.31,1772943153948,1772943154776,559,474.625,23
3,3,2026-03-08T03:58:32.461Z,20260307_215832,24,POINT_M_MED,74,2,3,POINT,2,6,M,16,MED,18,30,960,500,3,368,5,711.974,340.801,547.916,472.223,210.207,32,2.92,633,0,0,0,241.056,4.613,1772943154776,1772943155409,712,350.625,5
3,3,2026-03-08T03:58:32.461Z,20260307_215832,24,POINT_M_MED,74,2,3,POINT,2,6,M,16,MED,18,30,960,500,4,369,21,86.95,465.883,711.974,340.801,637.417,32,4.387,852,0,0,0,710.253,5.149,1772943155409,1772943156261,85,470.625,21
3,3,2026-03-08T03:58:32.461Z,20260307_215832,24,POINT_M_MED,74,2,3,POINT,2,6,M,16,MED,18,30,960,500,5,370,1,142.619,44.154,86.95,465.883,425.387,32,3.837,779,0,0,0,721.966,4.926,1772943156261,1772943157040,149,43.625,1
3,3,2026-03-08T03:58:32.461Z,20260307_215832,24,POINT_M_MED,75,3,3,POINT,2,6,M,16,MED,18,30,960,500,1,371,22,187.696,102.596,480,250,327.368,32,3.489,717,0,0,0,659.721,4.867,1772943160200,1772943160917,192,94.625,22
3,3,2026-03-08T03:58:32.461Z,20260307_215832,24,POINT_M_MED,75,3,3,POINT,2,6,M,16,MED,18,30,960,500,2,372,9,139.977,354.901,187.696,102.596,256.778,32,3.174,1005,0,0,0,1303.62,3.158,1772943160917,1772943161922,144,354.625,9
3,3,2026-03-08T03:58:32.461Z,20260307_215832,24,POINT_M_MED,75,3,3,POINT,2,6,M,16,MED,18,30,960,500,3,373,20,208.752,46.514,139.977,354.901,315.962,32,3.443,714,0,0,0,857.935,4.822,1772943161922,1772943162636,205,39.625,20
3,3,2026-03-08T03:58:32.461Z,20260307_215832,24,POINT_M_MED,75,3,3,POINT,2,6,M,16,MED,18,30,960,500,4,374,0,352.099,336.352,208.752,46.514,323.348,32,3.473,1017,0,0,0,973.016,3.415,1772943162636,1772943163653,351,333.625,0
3,3,2026-03-08T03:58:32.461Z,20260307_215832,24,POINT_M_MED,75,3,3,POINT,2,6,M,16,MED,18,30,960,500,5,375,10,820.063,361.207,352.099,336.352,468.624,32,3.968,659,0,0,0,648.253,6.021,1772943163653,1772943164312,812,371.625,10
3,3,2026-03-08T03:58:32.461Z,20260307_215832,25,POINT_L_MED,76,1,3,POINT,2,7,L,22,MED,18,30,960,500,1,376,2,61.02,408.019,480,250,447.788,44,3.482,749,0,0,0,477.05,4.649,1772943164701,1772943165450,82,414.625,2
3,3,2026-03-08T03:58:32.461Z,20260307_215832,25,POINT_L_MED,76,1,3,POINT,2,7,L,22,MED,18,30,960,500,2,377,13,811.591,86.625,61.02,408.019,816.486,44,4.29,753,0,0,0,942.184,5.697,1772943165450,1772943166203,812,91.625,13
3,3,2026-03-08T03:58:32.461Z,20260307_215832,25,POINT_L_MED,76,1,3,POINT,2,7,L,22,MED,18,30,960,500,3,378,26,884.523,195.304,811.591,86.625,130.883,44,1.991,570,0,0,0,586,3.493,1772943166203,1772943166773,874,189.625,26
3,3,2026-03-08T03:58:32.461Z,20260307_215832,25,POINT_L_MED,76,1,3,POINT,2,7,L,22,MED,18,30,960,500,4,379,20,613.348,344.798,884.523,195.304,309.651,44,3.007,614,0,0,0,898.731,4.897,1772943166773,1772943167387,623,356.625,20
3,3,2026-03-08T03:58:32.461Z,20260307_215832,25,POINT_L_MED,76,1,3,POINT,2,7,L,22,MED,18,30,960,500,5,380,15,837.526,306.076,613.348,344.798,227.497,44,2.625,654,0,0,0,722.038,4.014,1772943167387,1772943168041,846,309.625,15
3,3,2026-03-08T03:58:32.461Z,20260307_215832,25,POINT_L_MED,77,2,3,POINT,2,7,L,22,MED,18,30,960,500,1,381,2,454.29,319.914,480,250,74.491,44,1.429,550,0,0,0,544.367,2.599,1772943168578,1772943169128,468,322.625,2
3,3,2026-03-08T03:58:32.461Z,20260307_215832,25,POINT_L_MED,77,2,3,POINT,2,7,L,22,MED,18,30,960,500,2,382,17,247.999,372.729,454.29,319.914,212.945,44,2.546,569,0,0,0,350.381,4.474,1772943169128,1772943169697,253,374.625,17
3,3,2026-03-08T03:58:32.461Z,20260307_215832,25,POINT_L_MED,77,2,3,POINT,2,7,L,22,MED,18,30,960,500,3,383,18,391.35,232.37,247.999,372.729,200.624,44,2.475,564,0,0,0,660.506,4.388,1772943169697,1772943170261,409,222.625,18
3,3,2026-03-08T03:58:32.461Z,20260307_215832,25,POINT_L_MED,77,2,3,POINT,2,7,L,22,MED,18,30,960,500,4,384,29,674.415,280.226,391.35,232.37,287.082,44,2.912,573,0,0,0,374.684,5.081,1772943170261,1772943170834,685,279.625,29
3,3,2026-03-08T03:58:32.461Z,20260307_215832,25,POINT_L_MED,77,2,3,POINT,2,7,L,22,MED,18,30,960,500,5,385,15,100.208,295.772,674.415,280.226,574.417,44,3.813,732,0,0,0,617.387,5.209,1772943170834,1772943171566,99,303.625,15
3,3,2026-03-08T03:58:32.461Z,20260307_215832,25,POINT_L_MED,78,3,3,POINT,2,7,L,22,MED,18,30,960,500,1,386,11,94.476,384.239,480,250,408.227,44,3.361,1282,0,0,0,590.243,2.622,1772943175600,1772943176882,99,376.625,11
3,3,2026-03-08T03:58:32.461Z,20260307_215832,25,POINT_L_MED,78,3,3,POINT,2,7,L,22,MED,18,30,960,500,2,387,6,719.816,175.905,94.476,384.239,659.131,44,3.998,807,0,0,0,1372.649,4.954,1772943176882,1772943177689,721,170.625,6
3,3,2026-03-08T03:58:32.461Z,20260307_215832,25,POINT_L_MED,78,3,3,POINT,2,7,L,22,MED,18,30,960,500,3,388,14,618.859,407.853,719.816,175.905,252.967,44,2.755,594,0,0,0,852.521,4.638,1772943177689,1772943178283,612,415.625,14
3,3,2026-03-08T03:58:32.461Z,20260307_215832,25,POINT_L_MED,78,3,3,POINT,2,7,L,22,MED,18,30,960,500,4,389,26,679.499,64.187,618.859,407.853,348.975,44,3.159,666,0,0,0,1112.904,4.743,1772943178283,1772943178949,685,54.625,26
3,3,2026-03-08T03:58:32.461Z,20260307_215832,25,POINT_L_MED,78,3,3,POINT,2,7,L,22,MED,18,30,960,500,5,390,12,503.844,444.168,679.499,64.187,418.617,44,3.394,643,0,0,0,569.231,5.279,1772943178949,1772943179592,504,465.625,12
3,3,2026-03-08T03:58:32.461Z,20260307_215832,26,POINT_M_LOOSE,79,1,3,POINT,2,8,M,16,LOOSE,28,30,960,500,1,391,21,178.204,331.178,480,250,312.523,32,3.428,647,0,0,0,507.499,5.299,1772943180001,1772943180648,178,335.625,21
3,3,2026-03-08T03:58:32.461Z,20260307_215832,26,POINT_M_LOOSE,79,1,3,POINT,2,8,M,16,LOOSE,28,30,960,500,2,392,11,900.51,213.26,178.204,331.178,731.868,32,4.577,711,0,0,0,1007.617,6.438,1772943180648,1772943181359,894,215.625,11
3,3,2026-03-08T03:58:32.461Z,20260307_215832,26,POINT_M_LOOSE,79,1,3,POINT,2,8,M,16,LOOSE,28,30,960,500,3,393,27,595.147,246.71,900.51,213.26,307.19,32,3.406,616,0,0,0,875.657,5.529,1772943181359,1772943181975,600,250.625,27
3,3,2026-03-08T03:58:32.461Z,20260307_215832,26,POINT_M_LOOSE,79,1,3,POINT,2,8,M,16,LOOSE,28,30,960,500,4,394,1,29.53,66.981,595.147,246.71,593.485,32,4.289,720,0,0,0,818.064,5.957,1772943181975,1772943182695,23,60.625,1
3,3,2026-03-08T03:58:32.461Z,20260307_215832,26,POINT_M_LOOSE,79,1,3,POINT,2,8,M,16,LOOSE,28,30,960,500,5,395,24,433.346,209.475,29.53,66.981,428.22,32,3.846,929,0,1,1,784.815,4.14,1772943182695,1772943183624,444,214.625,24
3,3,2026-03-08T03:58:32.461Z,20260307_215832,26,POINT_M_LOOSE,80,2,3,POINT,2,8,M,16,LOOSE,28,30,960,500,1,396,4,105.981,221.943,480,250,375.07,32,3.669,1092,0,1,1,723.61,3.36,1772943184087,1772943185179,102,227.625,4
3,3,2026-03-08T03:58:32.461Z,20260307_215832,26,POINT_M_LOOSE,80,2,3,POINT,2,8,M,16,LOOSE,28,30,960,500,2,397,5,594.972,215.038,105.981,221.943,489.04,32,4.025,580,0,0,0,590.106,6.94,1772943185179,1772943185759,602,214.625,5
3,3,2026-03-08T03:58:32.461Z,20260307_215832,26,POINT_M_LOOSE,80,2,3,POINT,2,8,M,16,LOOSE,28,30,960,500,3,398,20,680.043,147.91,594.972,215.038,108.366,32,2.133,654,0,0,0,576.561,3.262,1772943185759,1772943186413,674,140.625,20
3,3,2026-03-08T03:58:32.461Z,20260307_215832,26,POINT_M_LOOSE,80,2,3,POINT,2,8,M,16,LOOSE,28,30,960,500,4,399,25,241.875,126.602,680.043,147.91,438.686,32,3.879,785,0,0,0,556.624,4.941,1772943186413,1772943187198,248,120.625,25
3,3,2026-03-08T03:58:32.461Z,20260307_215832,26,POINT_M_LOOSE,80,2,3,POINT,2,8,M,16,LOOSE,28,30,960,500,5,400,15,174.993,114.152,241.875,126.602,68.031,32,1.644,672,0,0,0,580.192,2.447,1772943187198,1772943187870,187,112.625,15
3,3,2026-03-08T03:58:32.461Z,20260307_215832,26,POINT_M_LOOSE,81,3,3,POINT,2,8,M,16,LOOSE,28,30,960,500,1,401,7,320.183,201.647,480,250,166.972,32,2.636,833,0,0,0,665.792,3.165,1772943188348,1772943189181,315,207.625,7
3,3,2026-03-08T03:58:32.461Z,20260307_215832,26,POINT_M_LOOSE,81,3,3,POINT,2,8,M,16,LOOSE,28,30,960,500,2,402,18,167.829,182.884,320.183,201.647,153.504,32,2.535,593,0,0,0,596.681,4.275,1772943189181,1772943189774,172,183.625,18
3,3,2026-03-08T03:58:32.461Z,20260307_215832,26,POINT_M_LOOSE,81,3,3,POINT,2,8,M,16,LOOSE,28,30,960,500,3,403,0,677.604,125.215,167.829,182.884,513.026,32,4.09,663,0,0,0,576.026,6.169,1772943189774,1772943190437,672,120.625,0
3,3,2026-03-08T03:58:32.461Z,20260307_215832,26,POINT_M_LOOSE,81,3,3,POINT,2,8,M,16,LOOSE,28,30,960,500,4,404,20,885.042,222.418,677.604,125.215,229.083,32,3.028,691,0,0,0,657.626,4.383,1772943190437,1772943191128,883,222.625,20
3,3,2026-03-08T03:58:32.461Z,20260307_215832,26,POINT_M_LOOSE,81,3,3,POINT,2,8,M,16,LOOSE,28,30,960,500,5,405,15,477.414,318.61,885.042,222.418,418.824,32,3.816,673,0,0,0,512.375,5.671,1772943191128,1772943191801,470,322.625,15
